{
    "CategoricalNoiseToSignalRatio": 65.1407106860457,
    "CategoricalNoiseToSignalRatio_Time": 0.2341916561126709,
    "ClassEntropy": 0.2303678505246139,
    "ClassEntropy_Time": 0.002705097198486328,
    "DecisionStumpErrRate": 0.06203551031137233,
    "DecisionStumpErrRate_Time": 0.22707390785217285,
    "DecisionStumpKappa": 0.3012055872390831,
    "DecisionStumpKappa_Time": 0.22707390785217285,
    "Dimensionality": 0.0076882290562036056,
    "Dimensionality_Time": 0.0009095668792724609,
    "EquivalentNumberOfCategoricalFeatures": 65.00204980169858,
    "EquivalentNumberOfCategoricalFeatures_Time": 0.14943480491638184,
    "EquivalentNumberOfNumericFeatures": 8.265561221791359,
    "EquivalentNumberOfNumericFeatures_Time": 0.30148935317993164,
    "LinearDiscriminantAnalysisErrRate": 0.05116608260624489,
    "LinearDiscriminantAnalysisErrRate_Time": 0.32677793502807617,
    "LinearDiscriminantAnalysisKappa": 0.43474245944486267,
    "LinearDiscriminantAnalysisKappa_Time": 0.32677793502807617,
    "MajorityClassSize": 3541.0,
    "MajorityClassSize_Time": 0.0020797252655029297,
    "MaxCardinalityOfCategoricalFeatures": 5.0,
    "MaxCardinalityOfCategoricalFeatures_Time": 0.006274223327636719,
    "MaxCardinalityOfNumericFeatures": 288.0,
    "MaxCardinalityOfNumericFeatures_Time": 0.001973390579223633,
    "MaxCategoricalAttributeEntropy": 1.0540619253604604,
    "MaxCategoricalAttributeEntropy_Time": 0.0874791145324707,
    "MaxCategoricalJointEntropy": 1.2427930071894404,
    "MaxCategoricalJointEntropy_Time": 0.1346428394317627,
    "MaxCategoricalMutualInformation": 0.04163676869563335,
    "MaxCategoricalMutualInformation_Time": 0.1466820240020752,
    "MaxClassProbability": 0.9387592788971368,
    "MaxClassProbability_Time": 0.0020797252655029297,
    "MaxKurtosisOfNumericFeatures": 238.18146237806315,
    "MaxKurtosisOfNumericFeatures_Time": 0.018964290618896484,
    "MaxMeansOfNumericFeatures": 110.4696486566283,
    "MaxMeansOfNumericFeatures_Time": 0.018572568893432617,
    "MaxNumericAttributeEntropy": 1.7001812503765323,
    "MaxNumericAttributeEntropy_Time": 0.03903985023498535,
    "MaxNumericJointEntropy": 1.9127090565977578,
    "MaxNumericJointEntropy_Time": 0.11801767349243164,
    "MaxNumericMutualInformation": 0.10645678195030889,
    "MaxNumericMutualInformation_Time": 0.29875683784484863,
    "MaxSkewnessOfNumericFeatures": 13.882652755041768,
    "MaxSkewnessOfNumericFeatures_Time": 0.01888585090637207,
    "MaxStdDevOfNumericFeatures": 35.60424760764098,
    "MaxStdDevOfNumericFeatures_Time": 0.01896047592163086,
    "MeanCanonicalCorrelation": 0.04577977693610176,
    "MeanCanonicalCorrelation_Time": 3.3390936851501465,
    "MeanCardinalityOfCategoricalFeatures": 2.1363636363636362,
    "MeanCardinalityOfCategoricalFeatures_Time": 0.006274223327636719,
    "MeanCardinalityOfNumericFeatures": 179.33333333333334,
    "MeanCardinalityOfNumericFeatures_Time": 0.001973390579223633,
    "MeanCategoricalAttributeEntropy": 0.23440327496436206,
    "MeanCategoricalAttributeEntropy_Time": 0.0874791145324707,
    "MeanCategoricalJointEntropy": 0.461227116473454,
    "MeanCategoricalJointEntropy_Time": 0.1346428394317627,
    "MeanCategoricalMutualInformation": 0.003544009015521755,
    "MeanCategoricalMutualInformation_Time": 0.1466820240020752,
    "MeanClassProbability": 0.5,
    "MeanClassProbability_Time": 0.0020797252655029297,
    "MeanKurtosisOfNumericFeatures": 51.413135065510026,
    "MeanKurtosisOfNumericFeatures_Time": 0.018964290618896484,
    "MeanMeansOfNumericFeatures": 46.436689696411385,
    "MeanMeansOfNumericFeatures_Time": 0.018572568893432617,
    "MeanNumericAttributeEntropy": 1.240228736551128,
    "MeanNumericAttributeEntropy_Time": 0.03903985023498535,
    "MeanNumericJointEntropy": 1.4577611891821942,
    "MeanNumericJointEntropy_Time": 0.11801767349243164,
    "MeanNumericMutualInformation": 0.027870805664988743,
    "MeanNumericMutualInformation_Time": 0.29875683784484863,
    "MeanSkewnessOfNumericFeatures": 3.5691918824691036,
    "MeanSkewnessOfNumericFeatures_Time": 0.01888585090637207,
    "MeanStdDevOfNumericFeatures": 19.053877588965566,
    "MeanStdDevOfNumericFeatures_Time": 0.01896047592163086,
    "MinCardinalityOfCategoricalFeatures": 1.0,
    "MinCardinalityOfCategoricalFeatures_Time": 0.006274223327636719,
    "MinCardinalityOfNumericFeatures": 70.0,
    "MinCardinalityOfNumericFeatures_Time": 0.001973390579223633,
    "MinCategoricalAttributeEntropy": 0.0,
    "MinCategoricalAttributeEntropy_Time": 0.0874791145324707,
    "MinCategoricalJointEntropy": 0.2303678505246139,
    "MinCategoricalJointEntropy_Time": 0.1346428394317627,
    "MinCategoricalMutualInformation": -1.6653345369377348e-15,
    "MinCategoricalMutualInformation_Time": 0.1466820240020752,
    "MinClassProbability": 0.0612407211028632,
    "MinClassProbability_Time": 0.0020797252655029297,
    "MinKurtosisOfNumericFeatures": 4.073471498748891,
    "MinKurtosisOfNumericFeatures_Time": 0.018964290618896484,
    "MinMeansOfNumericFeatures": 0.9949997045790251,
    "MinMeansOfNumericFeatures_Time": 0.018572568893432617,
    "MinNumericAttributeEntropy": 0.14521170237536474,
    "MinNumericAttributeEntropy_Time": 0.03903985023498535,
    "MinNumericJointEntropy": 0.39093470087095644,
    "MinNumericJointEntropy_Time": 0.11801767349243164,
    "MinNumericMutualInformation": 0.0008582987317293472,
    "MinNumericMutualInformation_Time": 0.29875683784484863,
    "MinSkewnessOfNumericFeatures": 1.2326742385072778,
    "MinSkewnessOfNumericFeatures_Time": 0.01888585090637207,
    "MinStdDevOfNumericFeatures": 0.1954572751132885,
    "MinStdDevOfNumericFeatures_Time": 0.01896047592163086,
    "MinorityClassSize": 231.0,
    "MinorityClassSize_Time": 0.0020797252655029297,
    "NaiveBayesErrRate": 0.633613766676647,
    "NaiveBayesErrRate_Time": 0.22581958770751953,
    "NaiveBayesKappa": 0.047782533755457934,
    "NaiveBayesKappa_Time": 0.22581958770751953,
    "NumberOfCategoricalFeatures": 22.0,
    "NumberOfCategoricalFeatures_Time": 0.0004343986511230469,
    "NumberOfClasses": 2.0,
    "NumberOfClasses_Time": 0.0004343986511230469,
    "NumberOfFeatures": 29.0,
    "NumberOfFeatures_Time": 0.0004343986511230469,
    "NumberOfInstances": 3772.0,
    "NumberOfInstancesWithMissingValues": 3772.0,
    "NumberOfInstancesWithMissingValues_Time": 0.00952911376953125,
    "NumberOfInstances_Time": 0.0004343986511230469,
    "NumberOfMissingValues": 6064.0,
    "NumberOfMissingValues_Time": 0.00952911376953125,
    "NumberOfNumericFeatures": 7.0,
    "NumberOfNumericFeatures_Time": 0.0004343986511230469,
    "NumericNoiseToSignalRatio": 43.499206497970064,
    "NumericNoiseToSignalRatio_Time": 0.33782482147216797,
    "PredDet": 1.8826916473079958e+48,
    "PredDet_Time": 0.08624887466430664,
    "PredEigen1": 2100.8539304847104,
    "PredEigen1_Time": 0.08624887466430664,
    "PredEigen2": 581.5506801915825,
    "PredEigen2_Time": 0.08624887466430664,
    "PredEigen3": 416.37710441217035,
    "PredEigen3_Time": 0.08624887466430664,
    "PredPCA1": 0.615481851028169,
    "PredPCA1_Time": 0.08624887466430664,
    "PredPCA2": 0.17037542873265027,
    "PredPCA2_Time": 0.08624887466430664,
    "PredPCA3": 0.12198494489820358,
    "PredPCA3_Time": 0.08624887466430664,
    "Quartile1CategoricalAttributeEntropy": 0.00012853909703317454,
    "Quartile1CategoricalAttributeEntropy_Time": 0.0874791145324707,
    "Quartile1CategoricalJointEntropy": 0.2304574881516302,
    "Quartile1CategoricalJointEntropy_Time": 0.1346428394317627,
    "Quartile1CategoricalMutualInformation": 2.4567633150275775e-08,
    "Quartile1CategoricalMutualInformation_Time": 0.1466820240020752,
    "Quartile1KurtosisOfNumericFeatures": 4.105283591156945,
    "Quartile1KurtosisOfNumericFeatures_Time": 0.018964290618896484,
    "Quartile1MeansOfNumericFeatures": 1.0077309561905352,
    "Quartile1MeansOfNumericFeatures_Time": 0.018572568893432617,