{
    "ClassEntropy": 0.2303678505246139,
    "ClassEntropy_Time": 0.001535654067993164,
    "DecisionStumpErrRate": 0.06203551031137233,
    "DecisionStumpErrRate_Time": 0.2436075210571289,
    "DecisionStumpKappa": 0.3012055872390831,
    "DecisionStumpKappa_Time": 0.2436075210571289,
    "Dimensionality": 0.0076882290562036056,
    "Dimensionality_Time": 0.0018482208251953125,
    "EquivalentNumberOfNominalFeatures": 65.00204980169858,
    "EquivalentNumberOfNominalFeatures_Time": 0.13974523544311523,
    "EquivalentNumberOfNumericFeatures": 9.145021555784687,
    "EquivalentNumberOfNumericFeatures_Time": 0.32717108726501465,
    "LinearDiscriminantAnalysisErrRate": 0.05116608260624489,
    "LinearDiscriminantAnalysisErrRate_Time": 0.3445403575897217,
    "LinearDiscriminantAnalysisKappa": 0.43474245944486267,
    "LinearDiscriminantAnalysisKappa_Time": 0.3445403575897217,
    "MajorityClassSize": 3541.0,
    "MajorityClassSize_Time": 0.0022704601287841797,
    "MaxCardinalityOfNominalFeatures": 5.0,
    "MaxCardinalityOfNominalFeatures_Time": 0.005031108856201172,
    "MaxCardinalityOfNumericFeatures": 287.0,
    "MaxCardinalityOfNumericFeatures_Time": 0.002009868621826172,
    "MaxClassProbability": 0.9387592788971368,
    "MaxClassProbability_Time": 0.0022704601287841797,
    "MaxKurtosisOfNumericFeatures": 239.96979689308827,
    "MaxKurtosisOfNumericFeatures_Time": 0.021685361862182617,
    "MaxMeansOfNumericFeatures": 110.48454400848357,
    "MaxMeansOfNumericFeatures_Time": 0.02137017250061035,
    "MaxNominalAttributeEntropy": 1.0540619253604604,
    "MaxNominalAttributeEntropy_Time": 0.07680273056030273,
    "MaxNominalJointEntropy": 1.2427930071894404,
    "MaxNominalJointEntropy_Time": 0.11993718147277832,
    "MaxNominalMutualInformation": 0.04163676869563335,
    "MaxNominalMutualInformation_Time": 0.13815569877624512,
    "MaxNumericAttributeEntropy": 1.7418344761374716,
    "MaxNumericAttributeEntropy_Time": 0.04283738136291504,
    "MaxNumericJointEntropy": 1.9421915290159433,
    "MaxNumericJointEntropy_Time": 0.1250934600830078,
    "MaxNumericMutualInformation": 0.09324281613112309,
    "MaxNumericMutualInformation_Time": 0.3256034851074219,
    "MaxSkewnessOfNumericFeatures": 13.973230216445977,
    "MaxSkewnessOfNumericFeatures_Time": 0.02164173126220703,
    "MaxStdDevOfNumericFeatures": 35.65329319025074,
    "MaxStdDevOfNumericFeatures_Time": 0.02176523208618164,
    "MeanCanonicalCorrelation": 0.07031323595679163,
    "MeanCanonicalCorrelation_Time": 0.05660390853881836,
    "MeanCardinalityOfNominalFeatures": 2.090909090909091,
    "MeanCardinalityOfNominalFeatures_Time": 0.005031108856201172,
    "MeanCardinalityOfNumericFeatures": 178.33333333333334,
    "MeanCardinalityOfNumericFeatures_Time": 0.002009868621826172,
    "MeanClassProbability": 0.5,
    "MeanClassProbability_Time": 0.0022704601287841797,
    "MeanKurtosisOfNumericFeatures": 51.452921554125545,
    "MeanKurtosisOfNumericFeatures_Time": 0.021685361862182617,
    "MeanMeansOfNumericFeatures": 46.43628950159067,
    "MeanMeansOfNumericFeatures_Time": 0.02137017250061035,
    "MeanNominalAttributeEntropy": 0.23440327496436206,
    "MeanNominalAttributeEntropy_Time": 0.07680273056030273,
    "MeanNominalJointEntropy": 0.461227116473454,
    "MeanNominalJointEntropy_Time": 0.11993718147277832,
    "MeanNominalMutualInformation": 0.003544009015521755,
    "MeanNominalMutualInformation_Time": 0.13815569877624512,
    "MeanNumericAttributeEntropy": 1.2957487103326746,
    "MeanNumericAttributeEntropy_Time": 0.04283738136291504,
    "MeanNumericJointEntropy": 1.5009260406251193,
    "MeanNumericJointEntropy_Time": 0.1250934600830078,
    "MeanNumericMutualInformation": 0.025190520232168792,
    "MeanNumericMutualInformation_Time": 0.3256034851074219,
    "MeanSkewnessOfNumericFeatures": 3.532551685938324,
    "MeanSkewnessOfNumericFeatures_Time": 0.02164173126220703,
    "MeanStdDevOfNumericFeatures": 19.189383719732763,
    "MeanStdDevOfNumericFeatures_Time": 0.02176523208618164,
    "MinCardinalityOfNominalFeatures": 1.0,
    "MinCardinalityOfNominalFeatures_Time": 0.005031108856201172,
    "MinCardinalityOfNumericFeatures": 69.0,
    "MinCardinalityOfNumericFeatures_Time": 0.002009868621826172,
    "MinClassProbability": 0.0612407211028632,
    "MinClassProbability_Time": 0.0022704601287841797,
    "MinKurtosisOfNumericFeatures": 4.079259488050618,
    "MinKurtosisOfNumericFeatures_Time": 0.021685361862182617,
    "MinMeansOfNumericFeatures": 0.9950965005302227,
    "MinMeansOfNumericFeatures_Time": 0.02137017250061035,
    "MinNominalAttributeEntropy": 0.0,
    "MinNominalAttributeEntropy_Time": 0.07680273056030273,
    "MinNominalJointEntropy": 0.2303678505246139,
    "MinNominalJointEntropy_Time": 0.11993718147277832,
    "MinNominalMutualInformation": -1.6653345369377348e-15,
    "MinNominalMutualInformation_Time": 0.13815569877624512,
    "MinNumericAttributeEntropy": 0.16090336376071077,
    "MinNumericAttributeEntropy_Time": 0.04283738136291504,
    "MinNumericJointEntropy": 0.39043539759919055,
    "MinNumericJointEntropy_Time": 0.1250934600830078,
    "MinNumericMutualInformation": 0.0008358166861329543,
    "MinNumericMutualInformation_Time": 0.3256034851074219,
    "MinSkewnessOfNumericFeatures": 1.2022714784554636,
    "MinSkewnessOfNumericFeatures_Time": 0.02164173126220703,
    "MinStdDevOfNumericFeatures": 0.19454292069086615,
    "MinStdDevOfNumericFeatures_Time": 0.02176523208618164,
    "MinorityClassSize": 231.0,
    "MinorityClassSize_Time": 0.0022704601287841797,
    "NaiveBayesErrRate": 0.633613766676647,
    "NaiveBayesErrRate_Time": 0.24716424942016602,
    "NaiveBayesKappa": 0.047782533755457934,
    "NaiveBayesKappa_Time": 0.24716424942016602,
    "NominalNoiseToSignalRatio": 65.1407106860457,
    "NominalNoiseToSignalRatio_Time": 0.21499276161193848,
    "NumberOfClasses": 2.0,
    "NumberOfClasses_Time": 0.0009086132049560547,
    "NumberOfFeatures": 29.0,
    "NumberOfFeatures_Time": 0.0009086132049560547,
    "NumberOfInstances": 3772.0,
    "NumberOfInstancesWithMissingValues": 8.0,
    "NumberOfInstancesWithMissingValues_Time": 0.008771896362304688,
    "NumberOfInstances_Time": 0.0009086132049560547,
    "NumberOfMissingValues": 6064.0,
    "NumberOfMissingValues_Time": 0.008771896362304688,
    "NumberOfNominalFeatures": 22.0,
    "NumberOfNominalFeatures_Time": 0.0009086132049560547,
    "NumberOfNumericFeatures": 7.0,
    "NumberOfNumericFeatures_Time": 0.0009086132049560547,
    "NumericNoiseToSignalRatio": 50.43794960923348,
    "NumericNoiseToSignalRatio_Time": 0.3684713840484619,
    "PredDet": 1.8826916473079958e+48,
    "PredDet_Time": 0.09768223762512207,
    "PredEigen1": 2100.8539304847104,
    "PredEigen1_Time": 0.09768223762512207,
    "PredEigen2": 581.5506801915825,
    "PredEigen2_Time": 0.09768223762512207,
    "PredEigen3": 416.37710441217035,
    "PredEigen3_Time": 0.09768223762512207,
    "PredPCA1": 0.615481851028169,
    "PredPCA1_Time": 0.09768223762512207,
    "PredPCA2": 0.17037542873265027,
    "PredPCA2_Time": 0.09768223762512207,
    "PredPCA3": 0.12198494489820358,
    "PredPCA3_Time": 0.09768223762512207,
    "Quartile1KurtosisOfNumericFeatures": 4.107719234372823,
    "Quartile1KurtosisOfNumericFeatures_Time": 0.021685361862182617,
    "Quartile1MeansOfNumericFeatures": 1.0077477332979852,
    "Quartile1MeansOfNumericFeatures_Time": 0.02137017250061035,
    "Quartile1NominalAttributeEntropy": 0.00012853909703317454,
    "Quartile1NominalAttributeEntropy_Time": 0.07680273056030273,
    "Quartile1NominalJointEntropy": 0.2304574881516302,
    "Quartile1NominalJointEntropy_Time": 0.11993718147277832,
    "Quartile1NominalMutualInformation": 2.4567633150275775e-08,
    "Quartile1NominalMutualInformation_Time": 0.13815569877624512,
    "Quartile1NumericAttributeEntropy": 0.17237780233836725,
    "Quartile1NumericAttributeEntropy_Time": 0.04283738136291504,