{
    "CategoricalNoiseToSignalRatio": 65.1407106860457,
    "CategoricalNoiseToSignalRatio_Time": 0.12678194046020508,
    "ClassEntropy": 0.2303678505246139,
    "ClassEntropy_Time": 0.0013349056243896484,
    "DecisionStumpErrRate": 0.06203551031137233,
    "DecisionStumpErrRate_Time": 0.06627535820007324,
    "DecisionStumpKappa": 0.3012055872390831,
    "DecisionStumpKappa_Time": 0.06627535820007324,
    "Dimensionality": 0.0076882290562036056,
    "Dimensionality_Time": 0.0017538070678710938,
    "EquivalentNumberOfCategoricalFeatures": 65.00204980169858,
    "EquivalentNumberOfCategoricalFeatures_Time": 0.08226656913757324,
    "EquivalentNumberOfNumericFeatures": 8.265561221791359,
    "EquivalentNumberOfNumericFeatures_Time": 0.1561141014099121,
    "LinearDiscriminantAnalysisErrRate": 0.05116608260624489,
    "LinearDiscriminantAnalysisErrRate_Time": 0.07817935943603516,
    "LinearDiscriminantAnalysisKappa": 0.43474245944486267,
    "LinearDiscriminantAnalysisKappa_Time": 0.07817935943603516,
    "MajorityClassSize": 3541.0,
    "MajorityClassSize_Time": 0.0011332035064697266,
    "MaxCardinalityOfCategoricalFeatures": 5.0,
    "MaxCardinalityOfCategoricalFeatures_Time": 0.0034749507904052734,
    "MaxCardinalityOfNumericFeatures": 288.0,
    "MaxCardinalityOfNumericFeatures_Time": 0.0011057853698730469,
    "MaxCategoricalAttributeEntropy": 1.0540619253604604,
    "MaxCategoricalAttributeEntropy_Time": 0.04585695266723633,
    "MaxCategoricalJointEntropy": 1.2427930071894404,
    "MaxCategoricalJointEntropy_Time": 0.07092785835266113,
    "MaxCategoricalMutualInformation": 0.04163676869563335,
    "MaxCategoricalMutualInformation_Time": 0.08090925216674805,
    "MaxClassProbability": 0.9387592788971368,
    "MaxClassProbability_Time": 0.0011332035064697266,
    "MaxKurtosisOfNumericFeatures": 238.18146237806315,
    "MaxKurtosisOfNumericFeatures_Time": 0.011818408966064453,
    "MaxMeansOfNumericFeatures": 110.4696486566283,
    "MaxMeansOfNumericFeatures_Time": 0.011592864990234375,
    "MaxNumericAttributeEntropy": 1.7001812503765323,
    "MaxNumericAttributeEntropy_Time": 0.02377939224243164,
    "MaxNumericJointEntropy": 1.9127090565977578,
    "MaxNumericJointEntropy_Time": 0.06152772903442383,
    "MaxNumericMutualInformation": 0.10645678195030889,
    "MaxNumericMutualInformation_Time": 0.15476179122924805,
    "MaxSkewnessOfNumericFeatures": 13.882652755041768,
    "MaxSkewnessOfNumericFeatures_Time": 0.011845827102661133,
    "MaxStdDevOfNumericFeatures": 35.60424760764098,
    "MaxStdDevOfNumericFeatures_Time": 0.011696100234985352,
    "MeanCanonicalCorrelation": 0.07031323595679163,
    "MeanCanonicalCorrelation_Time": 0.035780906677246094,
    "MeanCardinalityOfCategoricalFeatures": 2.1363636363636362,
    "MeanCardinalityOfCategoricalFeatures_Time": 0.0034749507904052734,
    "MeanCardinalityOfNumericFeatures": 179.33333333333334,
    "MeanCardinalityOfNumericFeatures_Time": 0.0011057853698730469,
    "MeanCategoricalAttributeEntropy": 0.23440327496436206,
    "MeanCategoricalAttributeEntropy_Time": 0.04585695266723633,
    "MeanCategoricalJointEntropy": 0.461227116473454,
    "MeanCategoricalJointEntropy_Time": 0.07092785835266113,
    "MeanCategoricalMutualInformation": 0.003544009015521755,
    "MeanCategoricalMutualInformation_Time": 0.08090925216674805,
    "MeanClassProbability": 0.5,
    "MeanClassProbability_Time": 0.0011332035064697266,
    "MeanKurtosisOfNumericFeatures": 51.413135065510026,
    "MeanKurtosisOfNumericFeatures_Time": 0.011818408966064453,
    "MeanMeansOfNumericFeatures": 46.436689696411385,
    "MeanMeansOfNumericFeatures_Time": 0.011592864990234375,
    "MeanNumericAttributeEntropy": 1.240228736551128,
    "MeanNumericAttributeEntropy_Time": 0.02377939224243164,
    "MeanNumericJointEntropy": 1.4577611891821942,
    "MeanNumericJointEntropy_Time": 0.06152772903442383,
    "MeanNumericMutualInformation": 0.027870805664988743,
    "MeanNumericMutualInformation_Time": 0.15476179122924805,
    "MeanSkewnessOfNumericFeatures": 3.5691918824691036,
    "MeanSkewnessOfNumericFeatures_Time": 0.011845827102661133,
    "MeanStdDevOfNumericFeatures": 19.053877588965566,
    "MeanStdDevOfNumericFeatures_Time": 0.011696100234985352,
    "MinCardinalityOfCategoricalFeatures": 1.0,
    "MinCardinalityOfCategoricalFeatures_Time": 0.0034749507904052734,
    "MinCardinalityOfNumericFeatures": 70.0,
    "MinCardinalityOfNumericFeatures_Time": 0.0011057853698730469,
    "MinCategoricalAttributeEntropy": 0.0,
    "MinCategoricalAttributeEntropy_Time": 0.04585695266723633,
    "MinCategoricalJointEntropy": 0.2303678505246139,
    "MinCategoricalJointEntropy_Time": 0.07092785835266113,
    "MinCategoricalMutualInformation": -1.6653345369377348e-15,
    "MinCategoricalMutualInformation_Time": 0.08090925216674805,
    "MinClassProbability": 0.0612407211028632,
    "MinClassProbability_Time": 0.0011332035064697266,
    "MinKurtosisOfNumericFeatures": 4.073471498748891,
    "MinKurtosisOfNumericFeatures_Time": 0.011818408966064453,
    "MinMeansOfNumericFeatures": 0.9949997045790251,
    "MinMeansOfNumericFeatures_Time": 0.011592864990234375,
    "MinNumericAttributeEntropy": 0.14521170237536474,
    "MinNumericAttributeEntropy_Time": 0.02377939224243164,
    "MinNumericJointEntropy": 0.39093470087095644,
    "MinNumericJointEntropy_Time": 0.06152772903442383,
    "MinNumericMutualInformation": 0.0008582987317293472,
    "MinNumericMutualInformation_Time": 0.15476179122924805,
    "MinSkewnessOfNumericFeatures": 1.2326742385072778,
    "MinSkewnessOfNumericFeatures_Time": 0.011845827102661133,
    "MinStdDevOfNumericFeatures": 0.1954572751132885,
    "MinStdDevOfNumericFeatures_Time": 0.011696100234985352,
    "MinorityClassSize": 231.0,
    "MinorityClassSize_Time": 0.0011332035064697266,
    "NaiveBayesErrRate": 0.633613766676647,
    "NaiveBayesErrRate_Time": 0.081024169921875,
    "NaiveBayesKappa": 0.047782533755457934,
    "NaiveBayesKappa_Time": 0.081024169921875,
    "NumberOfCategoricalFeatures": 22.0,
    "NumberOfCategoricalFeatures_Time": 0.0008649826049804688,
    "NumberOfClasses": 2.0,
    "NumberOfClasses_Time": 0.0008649826049804688,
    "NumberOfFeatures": 29.0,
    "NumberOfFeatures_Time": 0.0008649826049804688,
    "NumberOfInstances": 3772.0,
    "NumberOfInstancesWithMissingValues": 3772.0,
    "NumberOfInstancesWithMissingValues_Time": 0.008232831954956055,
    "NumberOfInstances_Time": 0.0008649826049804688,
    "NumberOfMissingValues": 6064.0,
    "NumberOfMissingValues_Time": 0.008232831954956055,
    "NumberOfNumericFeatures": 7.0,
    "NumberOfNumericFeatures_Time": 0.0008649826049804688,
    "NumericNoiseToSignalRatio": 43.499206497970064,
    "NumericNoiseToSignalRatio_Time": 0.1785573959350586,
    "PredDet": 1.8826916473082636e+48,
    "PredDet_Time": 0.045154571533203125,
    "PredEigen1": 2100.8539304847086,
    "PredEigen1_Time": 0.045154571533203125,
    "PredEigen2": 581.5506801915828,
    "PredEigen2_Time": 0.045154571533203125,
    "PredEigen3": 416.3771044121708,
    "PredEigen3_Time": 0.045154571533203125,
    "PredPCA1": 0.6154818510281685,
    "PredPCA1_Time": 0.045154571533203125,
    "PredPCA2": 0.17037542873265035,
    "PredPCA2_Time": 0.045154571533203125,
    "PredPCA3": 0.12198494489820372,
    "PredPCA3_Time": 0.045154571533203125,
    "Quartile1CategoricalAttributeEntropy": 0.00012853909703317454,
    "Quartile1CategoricalAttributeEntropy_Time": 0.04585695266723633,
    "Quartile1CategoricalJointEntropy": 0.2304574881516302,
    "Quartile1CategoricalJointEntropy_Time": 0.07092785835266113,
    "Quartile1CategoricalMutualInformation": 2.4567633150275775e-08,
    "Quartile1CategoricalMutualInformation_Time": 0.08090925216674805,
    "Quartile1KurtosisOfNumericFeatures": 4.105283591156945,
    "Quartile1KurtosisOfNumericFeatures_Time": 0.011818408966064453,
    "Quartile1MeansOfNumericFeatures": 1.0077309561905352,