{
    "CategoricalNoiseToSignalRatio": 65.12375165878576,
    "CategoricalNoiseToSignalRatio_Time": 0.18497419357299805,
    "ClassEntropy": 0.2303678505246139,
    "ClassEntropy_Time": 0.0040760040283203125,
    "DecisionStumpErrRate": 0.06203551031137233,
    "DecisionStumpErrRate_Time": 0.23879170417785645,
    "DecisionStumpKappa": 0.3012055872390831,
    "DecisionStumpKappa_Time": 0.23879170417785645,
    "Dimensionality": 0.0076882290562036056,
    "Dimensionality_Time": 0.0014431476593017578,
    "EquivalentNumberOfCategoricalFeatures": 64.97682682412889,
    "EquivalentNumberOfCategoricalFeatures_Time": 0.1480729579925537,
    "EquivalentNumberOfNumericFeatures": 8.265561221791359,
    "EquivalentNumberOfNumericFeatures_Time": 0.31571412086486816,
    "LinearDiscriminantAnalysisErrRate": 0.05116608260624489,
    "LinearDiscriminantAnalysisErrRate_Time": 0.3349156379699707,
    "LinearDiscriminantAnalysisKappa": 0.43474245944486267,
    "LinearDiscriminantAnalysisKappa_Time": 0.3349156379699707,
    "MajorityClassSize": 3541,
    "MajorityClassSize_Time": 0.0026519298553466797,
    "MaxCardinalityOfCategoricalFeatures": 5.0,
    "MaxCardinalityOfCategoricalFeatures_Time": 0.009073495864868164,
    "MaxCardinalityOfNumericFeatures": 288.0,
    "MaxCardinalityOfNumericFeatures_Time": 0.0032045841217041016,
    "MaxCategoricalAttributeEntropy": 1.0540619253604604,
    "MaxCategoricalAttributeEntropy_Time": 0.04101109504699707,
    "MaxCategoricalJointEntropy": 1.2427930071894404,
    "MaxCategoricalJointEntropy_Time": 0.12279295921325684,
    "MaxCategoricalMutualInformation": 0.04163676869563335,
    "MaxCategoricalMutualInformation_Time": 0.14394783973693848,
    "MaxClassProbability": 0.9387592788971368,
    "MaxClassProbability_Time": 0.0026519298553466797,
    "MaxKurtosisOfNumericFeatures": 238.18146237806315,
    "MaxKurtosisOfNumericFeatures_Time": 0.005258321762084961,
    "MaxMeansOfNumericFeatures": 110.4696486566283,
    "MaxMeansOfNumericFeatures_Time": 0.004609346389770508,
    "MaxNumericAttributeEntropy": 1.7001812503765323,
    "MaxNumericAttributeEntropy_Time": 0.028730392456054688,
    "MaxNumericJointEntropy": 1.9127090565977578,
    "MaxNumericJointEntropy_Time": 0.12228822708129883,
    "MaxNumericMutualInformation": 0.10645678195030889,
    "MaxNumericMutualInformation_Time": 0.31162190437316895,
    "MaxSkewnessOfNumericFeatures": 13.882652755041768,
    "MaxSkewnessOfNumericFeatures_Time": 0.005285739898681641,
    "MaxStdDevOfNumericFeatures": 35.60424760764098,
    "MaxStdDevOfNumericFeatures_Time": 0.005502223968505859,
    "MeanCanonicalCorrelation": 0.03410066948087535,
    "MeanCanonicalCorrelation_Time": 3.034538745880127,
    "MeanCardinalityOfCategoricalFeatures": 2.1363636363636362,
    "MeanCardinalityOfCategoricalFeatures_Time": 0.009073495864868164,
    "MeanCardinalityOfNumericFeatures": 179.33333333333334,
    "MeanCardinalityOfNumericFeatures_Time": 0.0032045841217041016,
    "MeanCategoricalAttributeEntropy": 0.2344341403357237,
    "MeanCategoricalAttributeEntropy_Time": 0.04101109504699707,
    "MeanCategoricalJointEntropy": 0.4613654485629755,
    "MeanCategoricalJointEntropy_Time": 0.12279295921325684,
    "MeanCategoricalMutualInformation": 0.003545384743827898,
    "MeanCategoricalMutualInformation_Time": 0.14394783973693848,
    "MeanClassProbability": 0.5,
    "MeanClassProbability_Time": 0.0026519298553466797,
    "MeanKurtosisOfNumericFeatures": 51.413135065510026,
    "MeanKurtosisOfNumericFeatures_Time": 0.005258321762084961,
    "MeanMeansOfNumericFeatures": 46.436689696411385,
    "MeanMeansOfNumericFeatures_Time": 0.004609346389770508,
    "MeanNumericAttributeEntropy": 1.240228736551128,
    "MeanNumericAttributeEntropy_Time": 0.028730392456054688,
    "MeanNumericJointEntropy": 1.4577611891821942,
    "MeanNumericJointEntropy_Time": 0.12228822708129883,
    "MeanNumericMutualInformation": 0.027870805664988743,
    "MeanNumericMutualInformation_Time": 0.31162190437316895,
    "MeanSkewnessOfNumericFeatures": 3.5691918824691036,
    "MeanSkewnessOfNumericFeatures_Time": 0.005285739898681641,
    "MeanStdDevOfNumericFeatures": 19.053877588965566,
    "MeanStdDevOfNumericFeatures_Time": 0.005502223968505859,
    "MinCardinalityOfCategoricalFeatures": 1.0,
    "MinCardinalityOfCategoricalFeatures_Time": 0.009073495864868164,
    "MinCardinalityOfNumericFeatures": 70.0,
    "MinCardinalityOfNumericFeatures_Time": 0.0032045841217041016,
    "MinCategoricalAttributeEntropy": 0.0,
    "MinCategoricalAttributeEntropy_Time": 0.04101109504699707,
    "MinCategoricalJointEntropy": 0.2303678505246139,
    "MinCategoricalJointEntropy_Time": 0.12279295921325684,
    "MinCategoricalMutualInformation": -1.6653345369377348e-15,
    "MinCategoricalMutualInformation_Time": 0.14394783973693848,
    "MinClassProbability": 0.0612407211028632,
    "MinClassProbability_Time": 0.0026519298553466797,
    "MinKurtosisOfNumericFeatures": 4.073471498748891,
    "MinKurtosisOfNumericFeatures_Time": 0.005258321762084961,
    "MinMeansOfNumericFeatures": 0.9949997045790251,
    "MinMeansOfNumericFeatures_Time": 0.004609346389770508,
    "MinNumericAttributeEntropy": 0.14521170237536474,
    "MinNumericAttributeEntropy_Time": 0.028730392456054688,
    "MinNumericJointEntropy": 0.39093470087095644,
    "MinNumericJointEntropy_Time": 0.12228822708129883,
    "MinNumericMutualInformation": 0.0008582987317293472,
    "MinNumericMutualInformation_Time": 0.31162190437316895,
    "MinSkewnessOfNumericFeatures": 1.2326742385072778,
    "MinSkewnessOfNumericFeatures_Time": 0.005285739898681641,
    "MinStdDevOfNumericFeatures": 0.1954572751132885,
    "MinStdDevOfNumericFeatures_Time": 0.005502223968505859,
    "MinorityClassSize": 231,
    "MinorityClassSize_Time": 0.0026519298553466797,
    "NaiveBayesErrRate": 0.633613766676647,
    "NaiveBayesErrRate_Time": 0.24799752235412598,
    "NaiveBayesKappa": 0.047782533755457934,
    "NaiveBayesKappa_Time": 0.24799752235412598,
    "NumberOfCategoricalFeatures": 22,
    "NumberOfCategoricalFeatures_Time": 0.0007016658782958984,
    "NumberOfClasses": 2,
    "NumberOfClasses_Time": 0.0007016658782958984,
    "NumberOfFeatures": 29,
    "NumberOfFeatures_Time": 0.0007016658782958984,
    "NumberOfInstances": 3772,
    "NumberOfInstancesWithMissingValues": 3772,
    "NumberOfInstancesWithMissingValues_Time": 0.012878179550170898,
    "NumberOfInstances_Time": 0.0007016658782958984,
    "NumberOfMissingValues": 6064,
    "NumberOfMissingValues_Time": 0.012878179550170898,
    "NumberOfNumericFeatures": 7,
    "NumberOfNumericFeatures_Time": 0.0007016658782958984,
    "NumericNoiseToSignalRatio": 43.499206497970064,
    "NumericNoiseToSignalRatio_Time": 0.3403651714324951,
    "PredDet": 1.8826916473079958e+48,
    "PredDet_Time": 0.09101033210754395,
    "PredEigen1": 2100.8539304847104,
    "PredEigen1_Time": 0.09101033210754395,
    "PredEigen2": 581.5506801915825,
    "PredEigen2_Time": 0.09101033210754395,
    "PredEigen3": 416.37710441217035,
    "PredEigen3_Time": 0.09101033210754395,
    "PredPCA1": 0.615481851028169,
    "PredPCA1_Time": 0.09101033210754395,
    "PredPCA2": 0.17037542873265027,
    "PredPCA2_Time": 0.09101033210754395,
    "PredPCA3": 0.12198494489820358,
    "PredPCA3_Time": 0.09101033210754395,
    "Quartile1CategoricalAttributeEntropy": 0.07132665652246652,
    "Quartile1CategoricalAttributeEntropy_Time": 0.04101109504699707,
    "Quartile1CategoricalJointEntropy": 0.3014425793394888,
    "Quartile1CategoricalJointEntropy_Time": 0.12279295921325684,
    "Quartile1CategoricalMutualInformation": 0.000401382222092676,
    "Quartile1CategoricalMutualInformation_Time": 0.14394783973693848,
    "Quartile1KurtosisOfNumericFeatures": 6.9324686702015095,
    "Quartile1KurtosisOfNumericFeatures_Time": 0.005258321762084961,
    "Quartile1MeansOfNumericFeatures": 2.7818163973111814,
    "Quartile1MeansOfNumericFeatures_Time": 0.004609346389770508,