{
    "ClassEntropy": 0.2303678505246139,
    "ClassEntropy_Time": 0.0026547908782958984,
    "DecisionStumpErrRate": 0.06203551031137233,
    "DecisionStumpErrRate_Time": 0.1853165626525879,
    "DecisionStumpKappa": 0.3012055872390831,
    "DecisionStumpKappa_Time": 0.1853165626525879,
    "Dimensionality": 0.0076882290562036056,
    "Dimensionality_Time": 0.003751993179321289,
    "EquivalentNumberOfNominalFeatures": 65.00204980169858,
    "EquivalentNumberOfNominalFeatures_Time": 0.12999606132507324,
    "EquivalentNumberOfNumericFeatures": 8.265561221791359,
    "EquivalentNumberOfNumericFeatures_Time": 0.26505136489868164,
    "LinearDiscriminantAnalysisErrRate": 0.05116608260624489,
    "LinearDiscriminantAnalysisErrRate_Time": 0.2869749069213867,
    "LinearDiscriminantAnalysisKappa": 0.43474245944486267,
    "LinearDiscriminantAnalysisKappa_Time": 0.2869749069213867,
    "MajorityClassSize": 3541.0,
    "MajorityClassSize_Time": 0.00177764892578125,
    "MaxCardinalityOfNominalFeatures": 5.0,
    "MaxCardinalityOfNominalFeatures_Time": 0.005884885787963867,
    "MaxCardinalityOfNumericFeatures": 288.0,
    "MaxCardinalityOfNumericFeatures_Time": 0.0018405914306640625,
    "MaxClassProbability": 0.9387592788971368,
    "MaxClassProbability_Time": 0.00177764892578125,
    "MaxKurtosisOfNumericFeatures": 238.18146237806315,
    "MaxKurtosisOfNumericFeatures_Time": 0.018481731414794922,
    "MaxMeansOfNumericFeatures": 110.4696486566283,
    "MaxMeansOfNumericFeatures_Time": 0.01813197135925293,
    "MaxNominalAttributeEntropy": 1.0540619253604604,
    "MaxNominalAttributeEntropy_Time": 0.08046603202819824,
    "MaxNominalJointEntropy": 1.2427930071894404,
    "MaxNominalJointEntropy_Time": 0.12031030654907227,
    "MaxNominalMutualInformation": 0.04163676869563335,
    "MaxNominalMutualInformation_Time": 0.12730026245117188,
    "MaxNumericAttributeEntropy": 1.7001812503765323,
    "MaxNumericAttributeEntropy_Time": 0.03936338424682617,
    "MaxNumericJointEntropy": 1.9127090565977578,
    "MaxNumericJointEntropy_Time": 0.14098358154296875,
    "MaxNumericMutualInformation": 0.10645678195030889,
    "MaxNumericMutualInformation_Time": 0.2623634338378906,
    "MaxSkewnessOfNumericFeatures": 13.882652755041768,
    "MaxSkewnessOfNumericFeatures_Time": 0.01843094825744629,
    "MaxStdDevOfNumericFeatures": 35.60424760764098,
    "MaxStdDevOfNumericFeatures_Time": 0.01847386360168457,
    "MeanCanonicalCorrelation": 0.07031323595679163,
    "MeanCanonicalCorrelation_Time": 0.07966113090515137,
    "MeanCardinalityOfNominalFeatures": 2.1363636363636362,
    "MeanCardinalityOfNominalFeatures_Time": 0.005884885787963867,
    "MeanCardinalityOfNumericFeatures": 179.33333333333334,
    "MeanCardinalityOfNumericFeatures_Time": 0.0018405914306640625,
    "MeanClassProbability": 0.5,
    "MeanClassProbability_Time": 0.00177764892578125,
    "MeanKurtosisOfNumericFeatures": 51.413135065510026,
    "MeanKurtosisOfNumericFeatures_Time": 0.018481731414794922,
    "MeanMeansOfNumericFeatures": 46.436689696411385,
    "MeanMeansOfNumericFeatures_Time": 0.01813197135925293,
    "MeanNominalAttributeEntropy": 0.23440327496436206,
    "MeanNominalAttributeEntropy_Time": 0.08046603202819824,
    "MeanNominalJointEntropy": 0.461227116473454,
    "MeanNominalJointEntropy_Time": 0.12031030654907227,
    "MeanNominalMutualInformation": 0.003544009015521755,
    "MeanNominalMutualInformation_Time": 0.12730026245117188,
    "MeanNumericAttributeEntropy": 1.240228736551128,
    "MeanNumericAttributeEntropy_Time": 0.03936338424682617,
    "MeanNumericJointEntropy": 1.4577611891821942,
    "MeanNumericJointEntropy_Time": 0.14098358154296875,
    "MeanNumericMutualInformation": 0.027870805664988743,
    "MeanNumericMutualInformation_Time": 0.2623634338378906,
    "MeanSkewnessOfNumericFeatures": 3.5691918824691036,
    "MeanSkewnessOfNumericFeatures_Time": 0.01843094825744629,
    "MeanStdDevOfNumericFeatures": 19.053877588965566,
    "MeanStdDevOfNumericFeatures_Time": 0.01847386360168457,
    "MinCardinalityOfNominalFeatures": 1.0,
    "MinCardinalityOfNominalFeatures_Time": 0.005884885787963867,
    "MinCardinalityOfNumericFeatures": 70.0,
    "MinCardinalityOfNumericFeatures_Time": 0.0018405914306640625,
    "MinClassProbability": 0.0612407211028632,
    "MinClassProbability_Time": 0.00177764892578125,
    "MinKurtosisOfNumericFeatures": 4.073471498748891,
    "MinKurtosisOfNumericFeatures_Time": 0.018481731414794922,
    "MinMeansOfNumericFeatures": 0.9949997045790251,
    "MinMeansOfNumericFeatures_Time": 0.01813197135925293,
    "MinNominalAttributeEntropy": 0.0,
    "MinNominalAttributeEntropy_Time": 0.08046603202819824,
    "MinNominalJointEntropy": 0.2303678505246139,
    "MinNominalJointEntropy_Time": 0.12031030654907227,
    "MinNominalMutualInformation": -1.6653345369377348e-15,
    "MinNominalMutualInformation_Time": 0.12730026245117188,
    "MinNumericAttributeEntropy": 0.14521170237536474,
    "MinNumericAttributeEntropy_Time": 0.03936338424682617,
    "MinNumericJointEntropy": 0.39093470087095644,
    "MinNumericJointEntropy_Time": 0.14098358154296875,
    "MinNumericMutualInformation": 0.0008582987317293472,
    "MinNumericMutualInformation_Time": 0.2623634338378906,
    "MinSkewnessOfNumericFeatures": 1.2326742385072778,
    "MinSkewnessOfNumericFeatures_Time": 0.01843094825744629,
    "MinStdDevOfNumericFeatures": 0.1954572751132885,
    "MinStdDevOfNumericFeatures_Time": 0.01847386360168457,
    "MinorityClassSize": 231.0,
    "MinorityClassSize_Time": 0.00177764892578125,
    "NaiveBayesErrRate": 0.633613766676647,
    "NaiveBayesErrRate_Time": 0.1838545799255371,
    "NaiveBayesKappa": 0.047782533755457934,
    "NaiveBayesKappa_Time": 0.1838545799255371,
    "NominalNoiseToSignalRatio": 65.1407106860457,
    "NominalNoiseToSignalRatio_Time": 0.20779705047607422,
    "NumberOfClasses": 2.0,
    "NumberOfClasses_Time": 0.0018589496612548828,
    "NumberOfFeatures": 29.0,
    "NumberOfFeatures_Time": 0.0018589496612548828,
    "NumberOfInstances": 3772.0,
    "NumberOfInstancesWithMissingValues": 8.0,
    "NumberOfInstancesWithMissingValues_Time": 0.0073163509368896484,
    "NumberOfInstances_Time": 0.0018589496612548828,
    "NumberOfMissingValues": 6064.0,
    "NumberOfMissingValues_Time": 0.0073163509368896484,
    "NumberOfNominalFeatures": 22.0,
    "NumberOfNominalFeatures_Time": 0.0018589496612548828,
    "NumberOfNumericFeatures": 7.0,
    "NumberOfNumericFeatures_Time": 0.0018589496612548828,
    "NumericNoiseToSignalRatio": 43.499206497970064,
    "NumericNoiseToSignalRatio_Time": 0.3017561435699463,
    "PredDet": 1.8826916473080494e+48,
    "PredDet_Time": 0.07402825355529785,
    "PredEigen1": 2100.8539304847104,
    "PredEigen1_Time": 0.07402825355529785,
    "PredEigen2": 581.5506801915828,
    "PredEigen2_Time": 0.07402825355529785,
    "PredEigen3": 416.37710441217,
    "PredEigen3_Time": 0.07402825355529785,
    "PredPCA1": 0.615481851028169,
    "PredPCA1_Time": 0.07402825355529785,
    "PredPCA2": 0.17037542873265035,
    "PredPCA2_Time": 0.07402825355529785,
    "PredPCA3": 0.12198494489820348,
    "PredPCA3_Time": 0.07402825355529785,
    "Quartile1KurtosisOfNumericFeatures": 4.105283591156945,
    "Quartile1KurtosisOfNumericFeatures_Time": 0.018481731414794922,
    "Quartile1MeansOfNumericFeatures": 1.0077309561905352,
    "Quartile1MeansOfNumericFeatures_Time": 0.01813197135925293,
    "Quartile1NominalAttributeEntropy": 0.00012853909703317454,
    "Quartile1NominalAttributeEntropy_Time": 0.08046603202819824,
    "Quartile1NominalJointEntropy": 0.2304574881516302,
    "Quartile1NominalJointEntropy_Time": 0.12031030654907227,
    "Quartile1NominalMutualInformation": 2.4567633150275775e-08,
    "Quartile1NominalMutualInformation_Time": 0.12730026245117188,
    "Quartile1NumericAttributeEntropy": 0.1568798700120926,
    "Quartile1NumericAttributeEntropy_Time": 0.03936338424682617,