{
    "ClassEntropy": 0.2303678505246139,
    "ClassEntropy_Time": 0.0010442733764648438,
    "DecisionStumpErrRate": 0.055144581310909935,
    "DecisionStumpErrRate_Time": 2.6730990409851074,
    "DecisionStumpKappa": 0.6363817311092095,
    "DecisionStumpKappa_Time": 2.6730990409851074,
    "Dimensionality": 0.0076882290562036056,
    "Dimensionality_Time": 0.001003265380859375,
    "EquivalentNumberOfNominalFeatures": 65.14660058388783,
    "EquivalentNumberOfNominalFeatures_Time": 0.09677290916442871,
    "EquivalentNumberOfNumericFeatures": 8.265561221791359,
    "EquivalentNumberOfNumericFeatures_Time": 0.192061185836792,
    "LinearDiscriminantAnalysisErrRate": 0.050106480329604075,
    "LinearDiscriminantAnalysisErrRate_Time": 2.6450390815734863,
    "LinearDiscriminantAnalysisKappa": 0.43789619197713514,
    "LinearDiscriminantAnalysisKappa_Time": 2.6450390815734863,
    "MajorityClassSize": 3541.0,
    "MajorityClassSize_Time": 0.0025064945220947266,
    "MaxCardinalityOfNominalFeatures": 5.0,
    "MaxCardinalityOfNominalFeatures_Time": 0.004010200500488281,
    "MaxCardinalityOfNumericFeatures": 288.0,
    "MaxCardinalityOfNumericFeatures_Time": 0.0015034675598144531,
    "MaxClassProbability": 0.9387592788971368,
    "MaxClassProbability_Time": 0.0025064945220947266,
    "MaxKurtosisOfNumericFeatures": 238.18146237806315,
    "MaxKurtosisOfNumericFeatures_Time": 0.013523101806640625,
    "MaxMeansOfNumericFeatures": 110.4696486566283,
    "MaxMeansOfNumericFeatures_Time": 0.013033866882324219,
    "MaxNominalAttributeEntropy": 1.0540619253604604,
    "MaxNominalAttributeEntropy_Time": 0.058187246322631836,
    "MaxNominalJointEntropy": 1.2427930071894404,
    "MaxNominalJointEntropy_Time": 0.09174132347106934,
    "MaxNominalMutualInformation": 0.04163676869563335,
    "MaxNominalMutualInformation_Time": 0.09572863578796387,
    "MaxNumericAttributeEntropy": 1.7001812503765323,
    "MaxNumericAttributeEntropy_Time": 0.029087305068969727,
    "MaxNumericJointEntropy": 1.9127090565977578,
    "MaxNumericJointEntropy_Time": 0.08523058891296387,
    "MaxNumericMutualInformation": 0.10645678195030889,
    "MaxNumericMutualInformation_Time": 0.19101691246032715,
    "MaxSkewnessOfNumericFeatures": 13.882652755041768,
    "MaxSkewnessOfNumericFeatures_Time": 0.013535022735595703,
    "MaxStdDevOfNumericFeatures": 35.60424760764098,
    "MaxStdDevOfNumericFeatures_Time": 0.013033866882324219,
    "MeanCanonicalCorrelation": 0.07008225652483585,
    "MeanCanonicalCorrelation_Time": 0.043138742446899414,
    "MeanCardinalityOfNominalFeatures": 2.1363636363636362,
    "MeanCardinalityOfNominalFeatures_Time": 0.004010200500488281,
    "MeanCardinalityOfNumericFeatures": 179.33333333333334,
    "MeanCardinalityOfNumericFeatures_Time": 0.0015034675598144531,
    "MeanClassProbability": 0.5,
    "MeanClassProbability_Time": 0.0025064945220947266,
    "MeanKurtosisOfNumericFeatures": 51.413135065510026,
    "MeanKurtosisOfNumericFeatures_Time": 0.013523101806640625,
    "MeanMeansOfNumericFeatures": 46.436689696411385,
    "MeanMeansOfNumericFeatures_Time": 0.013033866882324219,
    "MeanNominalAttributeEntropy": 0.23452414305831415,
    "MeanNominalAttributeEntropy_Time": 0.058187246322631836,
    "MeanNominalJointEntropy": 0.4613558482052733,
    "MeanNominalJointEntropy_Time": 0.09174132347106934,
    "MeanNominalMutualInformation": 0.003536145377654423,
    "MeanNominalMutualInformation_Time": 0.09572863578796387,
    "MeanNumericAttributeEntropy": 1.240228736551128,
    "MeanNumericAttributeEntropy_Time": 0.029087305068969727,
    "MeanNumericJointEntropy": 1.4577611891821942,
    "MeanNumericJointEntropy_Time": 0.08523058891296387,
    "MeanNumericMutualInformation": 0.027870805664988743,
    "MeanNumericMutualInformation_Time": 0.19101691246032715,
    "MeanSkewnessOfNumericFeatures": 3.5691918824691036,
    "MeanSkewnessOfNumericFeatures_Time": 0.013535022735595703,
    "MeanStdDevOfNumericFeatures": 19.053877588965562,
    "MeanStdDevOfNumericFeatures_Time": 0.013033866882324219,
    "MinCardinalityOfNominalFeatures": 1.0,
    "MinCardinalityOfNominalFeatures_Time": 0.004010200500488281,
    "MinCardinalityOfNumericFeatures": 70.0,
    "MinCardinalityOfNumericFeatures_Time": 0.0015034675598144531,
    "MinClassProbability": 0.0612407211028632,
    "MinClassProbability_Time": 0.0025064945220947266,
    "MinKurtosisOfNumericFeatures": 4.073471498748891,
    "MinKurtosisOfNumericFeatures_Time": 0.013523101806640625,
    "MinMeansOfNumericFeatures": 0.9949997045790235,
    "MinMeansOfNumericFeatures_Time": 0.013033866882324219,
    "MinNominalAttributeEntropy": 0.0,
    "MinNominalAttributeEntropy_Time": 0.058187246322631836,
    "MinNominalJointEntropy": 0.2303678505246139,
    "MinNominalJointEntropy_Time": 0.09174132347106934,
    "MinNominalMutualInformation": -1.6653345369377348e-15,
    "MinNominalMutualInformation_Time": 0.09572863578796387,
    "MinNumericAttributeEntropy": 0.14521170237536474,
    "MinNumericAttributeEntropy_Time": 0.029087305068969727,
    "MinNumericJointEntropy": 0.39093470087095644,
    "MinNumericJointEntropy_Time": 0.08523058891296387,
    "MinNumericMutualInformation": 0.0008582987317293472,
    "MinNumericMutualInformation_Time": 0.19101691246032715,
    "MinSkewnessOfNumericFeatures": 1.2326742385072778,
    "MinSkewnessOfNumericFeatures_Time": 0.013535022735595703,
    "MinStdDevOfNumericFeatures": 0.19545727511328792,
    "MinStdDevOfNumericFeatures_Time": 0.013033866882324219,
    "MinorityClassSize": 231.0,
    "MinorityClassSize_Time": 0.0025064945220947266,
    "NaiveBayesErrRate": 0.6203598824288479,
    "NaiveBayesErrRate_Time": 2.9033000469207764,
    "NaiveBayesKappa": 0.049741642386995966,
    "NaiveBayesKappa_Time": 2.9033000469207764,
    "NominalNoiseToSignalRatio": 65.32197435668706,
    "NominalNoiseToSignalRatio_Time": 0.1539158821105957,
    "NumberOfClasses": 2.0,
    "NumberOfClasses_Time": 0.0005016326904296875,
    "NumberOfFeatures": 29.0,
    "NumberOfFeatures_Time": 0.0005016326904296875,
    "NumberOfInstances": 3772.0,
    "NumberOfInstancesWithMissingValues": 8.0,
    "NumberOfInstancesWithMissingValues_Time": 0.005013227462768555,
    "NumberOfInstances_Time": 0.0005016326904296875,
    "NumberOfMissingValues": 6064.0,
    "NumberOfMissingValues_Time": 0.005013227462768555,
    "NumberOfNominalFeatures": 22.0,
    "NumberOfNominalFeatures_Time": 0.0005016326904296875,
    "NumberOfNumericFeatures": 7.0,
    "NumberOfNumericFeatures_Time": 0.0005016326904296875,
    "NumericNoiseToSignalRatio": 43.499206497970064,
    "NumericNoiseToSignalRatio_Time": 0.22010421752929688,
    "PredDet": 1.075956385954585e+49,
    "PredDet_Time": 0.05535244941711426,
    "PredEigen1": 2101.475046027681,
    "PredEigen1_Time": 0.05535244941711426,
    "PredEigen2": 566.2383294057612,
    "PredEigen2_Time": 0.05535244941711426,
    "PredEigen3": 420.81746998168444,
    "PredEigen3_Time": 0.05535244941711426,
    "PredPCA1": 0.6154392114842914,
    "PredPCA1_Time": 0.05535244941711426,
    "PredPCA2": 0.16582888843738086,
    "PredPCA2_Time": 0.05535244941711426,
    "PredPCA3": 0.12324085046543584,
    "PredPCA3_Time": 0.05535244941711426,
    "Quartile1KurtosisOfNumericFeatures": 4.105283591156945,
    "Quartile1KurtosisOfNumericFeatures_Time": 0.013523101806640625,
    "Quartile1MeansOfNumericFeatures": 1.0077309561905337,
    "Quartile1MeansOfNumericFeatures_Time": 0.013033866882324219,
    "Quartile1NominalAttributeEntropy": 0.00012853909703317454,
    "Quartile1NominalAttributeEntropy_Time": 0.058187246322631836,
    "Quartile1NominalJointEntropy": 0.2304574881516302,
    "Quartile1NominalJointEntropy_Time": 0.09174132347106934,
    "Quartile1NominalMutualInformation": 2.4567633150275775e-08,
    "Quartile1NominalMutualInformation_Time": 0.09572863578796387,
    "Quartile1NumericAttributeEntropy": 0.1568798700120926,
    "Quartile1NumericAttributeEntropy_Time": 0.029087305068969727,