{
    "ClassEntropy": 0.2303678505246139,
    "ClassEntropy_Time": 0.0010027885437011719,
    "DecisionStumpErrRate": 0.05434713852563755,
    "DecisionStumpErrRate_Time": 2.6420295238494873,
    "DecisionStumpKappa": 0.6394157481440216,
    "DecisionStumpKappa_Time": 2.6420295238494873,
    "Dimensionality": 0.0076882290562036056,
    "Dimensionality_Time": 0.0020036697387695312,
    "EquivalentNumberOfNominalFeatures": 65.15865229069168,
    "EquivalentNumberOfNominalFeatures_Time": 0.08876514434814453,
    "EquivalentNumberOfNumericFeatures": 8.265561221791359,
    "EquivalentNumberOfNumericFeatures_Time": 0.18549323081970215,
    "LinearDiscriminantAnalysisErrRate": 0.047721180378381245,
    "LinearDiscriminantAnalysisErrRate_Time": 2.6658623218536377,
    "LinearDiscriminantAnalysisKappa": 0.47387350428037506,
    "LinearDiscriminantAnalysisKappa_Time": 2.6658623218536377,
    "MajorityClassSize": 3541.0,
    "MajorityClassSize_Time": 0.002506732940673828,
    "MaxCardinalityOfNominalFeatures": 5.0,
    "MaxCardinalityOfNominalFeatures_Time": 0.005514860153198242,
    "MaxCardinalityOfNumericFeatures": 288.0,
    "MaxCardinalityOfNumericFeatures_Time": 0.0015034675598144531,
    "MaxClassProbability": 0.9387592788971368,
    "MaxClassProbability_Time": 0.002506732940673828,
    "MaxKurtosisOfNumericFeatures": 238.18146237806315,
    "MaxKurtosisOfNumericFeatures_Time": 0.013034582138061523,
    "MaxMeansOfNumericFeatures": 110.4696486566283,
    "MaxMeansOfNumericFeatures_Time": 0.012533187866210938,
    "MaxNominalAttributeEntropy": 1.0540619253604604,
    "MaxNominalAttributeEntropy_Time": 0.05417513847351074,
    "MaxNominalJointEntropy": 1.2427930071894404,
    "MaxNominalJointEntropy_Time": 0.08526182174682617,
    "MaxNominalMutualInformation": 0.04163676869563335,
    "MaxNominalMutualInformation_Time": 0.08776235580444336,
    "MaxNumericAttributeEntropy": 1.7001812503765323,
    "MaxNumericAttributeEntropy_Time": 0.026076793670654297,
    "MaxNumericJointEntropy": 1.9127090565977578,
    "MaxNumericJointEntropy_Time": 0.07620573043823242,
    "MaxNumericMutualInformation": 0.10645678195030889,
    "MaxNumericMutualInformation_Time": 0.18449044227600098,
    "MaxSkewnessOfNumericFeatures": 13.882652755041768,
    "MaxSkewnessOfNumericFeatures_Time": 0.013034343719482422,
    "MaxStdDevOfNumericFeatures": 35.60424760764098,
    "MaxStdDevOfNumericFeatures_Time": 0.012533426284790039,
    "MeanCanonicalCorrelation": 0.0703481196923019,
    "MeanCanonicalCorrelation_Time": 0.03910398483276367,
    "MeanCardinalityOfNominalFeatures": 2.1363636363636362,
    "MeanCardinalityOfNominalFeatures_Time": 0.005514860153198242,
    "MeanCardinalityOfNumericFeatures": 179.33333333333334,
    "MeanCardinalityOfNumericFeatures_Time": 0.0015034675598144531,
    "MeanClassProbability": 0.5,
    "MeanClassProbability_Time": 0.002506732940673828,
    "MeanKurtosisOfNumericFeatures": 51.413135065510026,
    "MeanKurtosisOfNumericFeatures_Time": 0.013034582138061523,
    "MeanMeansOfNumericFeatures": 46.436689696411385,
    "MeanMeansOfNumericFeatures_Time": 0.012533187866210938,
    "MeanNominalAttributeEntropy": 0.23440327496436206,
    "MeanNominalAttributeEntropy_Time": 0.05417513847351074,
    "MeanNominalJointEntropy": 0.46123563415473395,
    "MeanNominalJointEntropy_Time": 0.08526182174682617,
    "MeanNominalMutualInformation": 0.0035354913342417822,
    "MeanNominalMutualInformation_Time": 0.08776235580444336,
    "MeanNumericAttributeEntropy": 1.240228736551128,
    "MeanNumericAttributeEntropy_Time": 0.026076793670654297,
    "MeanNumericJointEntropy": 1.4577611891821942,
    "MeanNumericJointEntropy_Time": 0.07620573043823242,
    "MeanNumericMutualInformation": 0.027870805664988743,
    "MeanNumericMutualInformation_Time": 0.18449044227600098,
    "MeanSkewnessOfNumericFeatures": 3.5691918824691036,
    "MeanSkewnessOfNumericFeatures_Time": 0.013034343719482422,
    "MeanStdDevOfNumericFeatures": 19.053877588965562,
    "MeanStdDevOfNumericFeatures_Time": 0.012533426284790039,
    "MinCardinalityOfNominalFeatures": 1.0,
    "MinCardinalityOfNominalFeatures_Time": 0.005514860153198242,
    "MinCardinalityOfNumericFeatures": 70.0,
    "MinCardinalityOfNumericFeatures_Time": 0.0015034675598144531,
    "MinClassProbability": 0.0612407211028632,
    "MinClassProbability_Time": 0.002506732940673828,
    "MinKurtosisOfNumericFeatures": 4.073471498748891,
    "MinKurtosisOfNumericFeatures_Time": 0.013034582138061523,
    "MinMeansOfNumericFeatures": 0.9949997045790235,
    "MinMeansOfNumericFeatures_Time": 0.012533187866210938,
    "MinNominalAttributeEntropy": 0.0,
    "MinNominalAttributeEntropy_Time": 0.05417513847351074,
    "MinNominalJointEntropy": 0.2303678505246139,
    "MinNominalJointEntropy_Time": 0.08526182174682617,
    "MinNominalMutualInformation": -1.6653345369377348e-15,
    "MinNominalMutualInformation_Time": 0.08776235580444336,
    "MinNumericAttributeEntropy": 0.14521170237536474,
    "MinNumericAttributeEntropy_Time": 0.026076793670654297,
    "MinNumericJointEntropy": 0.39093470087095644,
    "MinNumericJointEntropy_Time": 0.07620573043823242,
    "MinNumericMutualInformation": 0.0008582987317293472,
    "MinNumericMutualInformation_Time": 0.18449044227600098,
    "MinSkewnessOfNumericFeatures": 1.2326742385072778,
    "MinSkewnessOfNumericFeatures_Time": 0.013034343719482422,
    "MinStdDevOfNumericFeatures": 0.19545727511328792,
    "MinStdDevOfNumericFeatures_Time": 0.012533426284790039,
    "MinorityClassSize": 231.0,
    "MinorityClassSize_Time": 0.002506732940673828,
    "NaiveBayesErrRate": 0.6200954738480093,
    "NaiveBayesErrRate_Time": 2.653611898422241,
    "NaiveBayesKappa": 0.049813431177587464,
    "NaiveBayesKappa_Time": 2.653611898422241,
    "NominalNoiseToSignalRatio": 65.30005642896928,
    "NominalNoiseToSignalRatio_Time": 0.1419374942779541,
    "NumberOfClasses": 2.0,
    "NumberOfClasses_Time": 0.0010018348693847656,
    "NumberOfFeatures": 29.0,
    "NumberOfFeatures_Time": 0.0010018348693847656,
    "NumberOfInstances": 3772.0,
    "NumberOfInstancesWithMissingValues": 8.0,
    "NumberOfInstancesWithMissingValues_Time": 0.005514383316040039,
    "NumberOfInstances_Time": 0.0010018348693847656,
    "NumberOfMissingValues": 6064.0,
    "NumberOfMissingValues_Time": 0.005514383316040039,
    "NumberOfNominalFeatures": 22.0,
    "NumberOfNominalFeatures_Time": 0.0010018348693847656,
    "NumberOfNumericFeatures": 7.0,
    "NumberOfNumericFeatures_Time": 0.0010018348693847656,
    "NumericNoiseToSignalRatio": 43.499206497970064,
    "NumericNoiseToSignalRatio_Time": 0.21056723594665527,
    "PredDet": 3.502286739841618e+48,
    "PredDet_Time": 0.052365779876708984,
    "PredEigen1": 2096.352288517987,
    "PredEigen1_Time": 0.052365779876708984,
    "PredEigen2": 570.4951500660273,
    "PredEigen2_Time": 0.052365779876708984,
    "PredEigen3": 415.6192625455326,
    "PredEigen3_Time": 0.052365779876708984,
    "PredPCA1": 0.6163577416306695,
    "PredPCA1_Time": 0.052365779876708984,
    "PredPCA2": 0.1677337841697066,
    "PredPCA2_Time": 0.052365779876708984,
    "PredPCA3": 0.12219804440496396,
    "PredPCA3_Time": 0.052365779876708984,
    "Quartile1KurtosisOfNumericFeatures": 4.105283591156945,
    "Quartile1KurtosisOfNumericFeatures_Time": 0.013034582138061523,
    "Quartile1MeansOfNumericFeatures": 1.0077309561905337,
    "Quartile1MeansOfNumericFeatures_Time": 0.012533187866210938,
    "Quartile1NominalAttributeEntropy": 0.00012853909703317454,
    "Quartile1NominalAttributeEntropy_Time": 0.05417513847351074,
    "Quartile1NominalJointEntropy": 0.2304574881516302,
    "Quartile1NominalJointEntropy_Time": 0.08526182174682617,
    "Quartile1NominalMutualInformation": 2.4567633150275775e-08,
    "Quartile1NominalMutualInformation_Time": 0.08776235580444336,
    "Quartile1NumericAttributeEntropy": 0.1568798700120926,
    "Quartile1NumericAttributeEntropy_Time": 0.026076793670654297,