{
    "CategoricalNoiseToSignalRatio": NaN,
    "CategoricalNoiseToSignalRatio_Time": NaN,
    "ClassEntropy": 0.4512101136543501,
    "ClassEntropy_Time": 0.0030977725982666016,
    "DecisionStumpErrRate": 0.07992120444632045,
    "DecisionStumpErrRate_Time": 0.4858558177947998,
    "DecisionStumpKappa": 0.6710928274765781,
    "DecisionStumpKappa_Time": 0.4858558177947998,
    "Dimensionality": 26.479418886198548,
    "Dimensionality_Time": 0.0036852359771728516,
    "EquivalentNumberOfCategoricalFeatures": NaN,
    "EquivalentNumberOfCategoricalFeatures_Time": NaN,
    "EquivalentNumberOfNumericFeatures": 10.786765437778497,
    "EquivalentNumberOfNumericFeatures_Time": 1.4034318923950195,
    "LinearDiscriminantAnalysisErrRate": 0.01937057361286998,
    "LinearDiscriminantAnalysisErrRate_Time": 0.4916846752166748,
    "LinearDiscriminantAnalysisKappa": 0.9304002386666969,
    "LinearDiscriminantAnalysisKappa_Time": 0.4916846752166748,
    "MajorityClassSize": 344.0,
    "MajorityClassSize_Time": 0.0012226104736328125,
    "MaxCardinalityOfCategoricalFeatures": NaN,
    "MaxCardinalityOfCategoricalFeatures_Time": 0.0012276172637939453,
    "MaxCardinalityOfNumericFeatures": 413.0,
    "MaxCardinalityOfNumericFeatures_Time": 1.7609729766845703,
    "MaxCategoricalAttributeEntropy": NaN,
    "MaxCategoricalAttributeEntropy_Time": 0.004653215408325195,
    "MaxCategoricalJointEntropy": NaN,
    "MaxCategoricalJointEntropy_Time": 0.0046885013580322266,
    "MaxCategoricalMutualInformation": NaN,
    "MaxCategoricalMutualInformation_Time": 0.0046808719635009766,
    "MaxClassProbability": 0.8329297820823245,
    "MaxClassProbability_Time": 0.0012226104736328125,
    "MaxKurtosisOfNumericFeatures": 411.55157049912384,
    "MaxKurtosisOfNumericFeatures_Time": 0.37877321243286133,
    "MaxMeansOfNumericFeatures": 74033.34721549637,
    "MaxMeansOfNumericFeatures_Time": 0.3721625804901123,
    "MaxNumericAttributeEntropy": 1.5425411178427944,
    "MaxNumericAttributeEntropy_Time": 0.8056411743164062,
    "MaxNumericJointEntropy": 1.9597418453442437,
    "MaxNumericJointEntropy_Time": 1.0955877304077148,
    "MaxNumericMutualInformation": 0.267474984099211,
    "MaxNumericMutualInformation_Time": 1.4002866744995117,
    "MaxSkewnessOfNumericFeatures": 20.269575178286168,
    "MaxSkewnessOfNumericFeatures_Time": 0.376539945602417,
    "MaxStdDevOfNumericFeatures": 30986.879814464635,
    "MaxStdDevOfNumericFeatures_Time": 0.37990736961364746,
    "MeanCanonicalCorrelation": 0.0141841706607933,
    "MeanCanonicalCorrelation_Time": 28.770203113555908,
    "MeanCardinalityOfCategoricalFeatures": NaN,
    "MeanCardinalityOfCategoricalFeatures_Time": 0.0012276172637939453,
    "MeanCardinalityOfNumericFeatures": 406.28465618141917,
    "MeanCardinalityOfNumericFeatures_Time": 1.7609729766845703,
    "MeanCategoricalAttributeEntropy": NaN,
    "MeanCategoricalAttributeEntropy_Time": 0.004653215408325195,
    "MeanCategoricalJointEntropy": NaN,
    "MeanCategoricalJointEntropy_Time": 0.0046885013580322266,
    "MeanCategoricalMutualInformation": NaN,
    "MeanCategoricalMutualInformation_Time": 0.0046808719635009766,
    "MeanClassProbability": 0.5,
    "MeanClassProbability_Time": 0.0012226104736328125,
    "MeanKurtosisOfNumericFeatures": 38.01985746213537,
    "MeanKurtosisOfNumericFeatures_Time": 0.37877321243286133,
    "MeanMeansOfNumericFeatures": 3412.8977094430998,
    "MeanMeansOfNumericFeatures_Time": 0.3721625804901123,
    "MeanNumericAttributeEntropy": 0.9093179640063568,
    "MeanNumericAttributeEntropy_Time": 0.8056411743164062,
    "MeanNumericJointEntropy": 1.3186981040456254,
    "MeanNumericJointEntropy_Time": 1.0955877304077148,
    "MeanNumericMutualInformation": 0.041829973615081735,
    "MeanNumericMutualInformation_Time": 1.4002866744995117,
    "MeanSkewnessOfNumericFeatures": 3.831228792465603,
    "MeanSkewnessOfNumericFeatures_Time": 0.376539945602417,
    "MeanStdDevOfNumericFeatures": 1831.5675988343207,
    "MeanStdDevOfNumericFeatures_Time": 0.37990736961364746,
    "MinCardinalityOfCategoricalFeatures": NaN,
    "MinCardinalityOfCategoricalFeatures_Time": 0.0012276172637939453,
    "MinCardinalityOfNumericFeatures": 193.0,
    "MinCardinalityOfNumericFeatures_Time": 1.7609729766845703,
    "MinCategoricalAttributeEntropy": NaN,
    "MinCategoricalAttributeEntropy_Time": 0.004653215408325195,
    "MinCategoricalJointEntropy": NaN,
    "MinCategoricalJointEntropy_Time": 0.0046885013580322266,
    "MinCategoricalMutualInformation": NaN,
    "MinCategoricalMutualInformation_Time": 0.0046808719635009766,
    "MinClassProbability": 0.16707021791767554,
    "MinClassProbability_Time": 0.0012226104736328125,
    "MinKurtosisOfNumericFeatures": 0.24082121655718636,
    "MinKurtosisOfNumericFeatures_Time": 0.37877321243286133,
    "MinMeansOfNumericFeatures": 89.56464891041162,
    "MinMeansOfNumericFeatures_Time": 0.3721625804901123,
    "MinNumericAttributeEntropy": 0.017002992641408393,
    "MinNumericAttributeEntropy_Time": 0.8056411743164062,
    "MinNumericJointEntropy": 0.4677698878880829,
    "MinNumericJointEntropy_Time": 1.0955877304077148,
    "MinNumericMutualInformation": 0.00044321840767567316,
    "MinNumericMutualInformation_Time": 1.4002866744995117,
    "MinSkewnessOfNumericFeatures": 0.610076130443785,
    "MinSkewnessOfNumericFeatures_Time": 0.376539945602417,
    "MinStdDevOfNumericFeatures": 427.3243408946494,
    "MinStdDevOfNumericFeatures_Time": 0.37990736961364746,
    "MinorityClassSize": 69.0,
    "MinorityClassSize_Time": 0.0012226104736328125,
    "NaiveBayesErrRate": 0.014539655738473822,
    "NaiveBayesErrRate_Time": 0.48199462890625,
    "NaiveBayesKappa": 0.9471812170428695,
    "NaiveBayesKappa_Time": 0.48199462890625,
    "NumberOfCategoricalFeatures": 0.0,
    "NumberOfCategoricalFeatures_Time": 0.0018243789672851562,
    "NumberOfClasses": 2.0,
    "NumberOfClasses_Time": 0.0018243789672851562,
    "NumberOfFeatures": 10936.0,
    "NumberOfFeatures_Time": 0.0018243789672851562,
    "NumberOfInstances": 413.0,
    "NumberOfInstancesWithMissingValues": 0.0,
    "NumberOfInstancesWithMissingValues_Time": 0.015627145767211914,
    "NumberOfInstances_Time": 0.0018243789672851562,
    "NumberOfMissingValues": 0.0,
    "NumberOfMissingValues_Time": 0.015627145767211914,
    "NumberOfNumericFeatures": 10936.0,
    "NumberOfNumericFeatures_Time": 0.0018243789672851562,
    "NumericNoiseToSignalRatio": 20.738430255153293,
    "NumericNoiseToSignalRatio_Time": 2.205958604812622,
    "PredDet": Infinity,
    "PredDet_Time": 0.25063109397888184,
    "PredEigen1": 1043772275.1215276,
    "PredEigen1_Time": 0.25063109397888184,
    "PredEigen2": 760940600.7158558,
    "PredEigen2_Time": 0.25063109397888184,
    "PredEigen3": 258987224.06082094,
    "PredEigen3_Time": 0.25063109397888184,
    "PredPCA1": 0.4142218771901308,
    "PredPCA1_Time": 0.25063109397888184,
    "PredPCA2": 0.3019798969291541,
    "PredPCA2_Time": 0.25063109397888184,
    "PredPCA3": 0.10277929072818469,
    "PredPCA3_Time": 0.25063109397888184,
    "Quartile1CategoricalAttributeEntropy": NaN,
    "Quartile1CategoricalAttributeEntropy_Time": 0.004653215408325195,
    "Quartile1CategoricalJointEntropy": NaN,
    "Quartile1CategoricalJointEntropy_Time": 0.0046885013580322266,
    "Quartile1CategoricalMutualInformation": NaN,
    "Quartile1CategoricalMutualInformation_Time": 0.0046808719635009766,
    "Quartile1KurtosisOfNumericFeatures": 0.392549910196081,
    "Quartile1KurtosisOfNumericFeatures_Time": 0.37877321243286133,
    "Quartile1MeansOfNumericFeatures": 104.44805326876514,
    "Quartile1MeansOfNumericFeatures_Time": 0.3721625804901123,
    "Quartile1NumericAttributeEntropy": 0.023334418230596142,
    "Quartile1NumericAttributeEntropy_Time": 0.8056411743164062,
    "Quartile1NumericJointEntropy": 0.4739357742323532,
    "Quartile1NumericJointEntropy_Time": 1.0955877304077148,
    "Quartile1NumericMutualInformation": 0.0006087576525930442,