{
    "ClassEntropy": 0.4512101136543501,
    "ClassEntropy_Time": 0.0026209354400634766,
    "DecisionStumpErrRate": 0.07992120444632045,
    "DecisionStumpErrRate_Time": 0.3030693531036377,
    "DecisionStumpKappa": 0.6710928274765781,
    "DecisionStumpKappa_Time": 0.3030693531036377,
    "Dimensionality": 26.479418886198548,
    "Dimensionality_Time": 0.017789363861083984,
    "EquivalentNumberOfNominalFeatures": NaN,
    "EquivalentNumberOfNominalFeatures_Time": NaN,
    "EquivalentNumberOfNumericFeatures": 10.786765437778497,
    "EquivalentNumberOfNumericFeatures_Time": 1.2946820259094238,
    "LinearDiscriminantAnalysisErrRate": 0.01937057361286998,
    "LinearDiscriminantAnalysisErrRate_Time": 0.327455997467041,
    "LinearDiscriminantAnalysisKappa": 0.9304002386666969,
    "LinearDiscriminantAnalysisKappa_Time": 0.327455997467041,
    "MajorityClassSize": 344.0,
    "MajorityClassSize_Time": 0.0010876655578613281,
    "MaxCardinalityOfNominalFeatures": NaN,
    "MaxCardinalityOfNominalFeatures_Time": 0.4730086326599121,
    "MaxCardinalityOfNumericFeatures": 413.0,
    "MaxCardinalityOfNumericFeatures_Time": 1.1364548206329346,
    "MaxClassProbability": 0.8329297820823245,
    "MaxClassProbability_Time": 0.0010876655578613281,
    "MaxKurtosisOfNumericFeatures": 411.55157049912384,
    "MaxKurtosisOfNumericFeatures_Time": 0.36734604835510254,
    "MaxMeansOfNumericFeatures": 74033.34721549637,
    "MaxMeansOfNumericFeatures_Time": 0.3619105815887451,
    "MaxNominalAttributeEntropy": NaN,
    "MaxNominalAttributeEntropy_Time": 0.0042307376861572266,
    "MaxNominalJointEntropy": NaN,
    "MaxNominalJointEntropy_Time": 0.004247426986694336,
    "MaxNominalMutualInformation": NaN,
    "MaxNominalMutualInformation_Time": 0.004235982894897461,
    "MaxNumericAttributeEntropy": 1.5425411178427944,
    "MaxNumericAttributeEntropy_Time": 0.7810921669006348,
    "MaxNumericJointEntropy": 1.9597418453442437,
    "MaxNumericJointEntropy_Time": 1.170670509338379,
    "MaxNumericMutualInformation": 0.267474984099211,
    "MaxNumericMutualInformation_Time": 1.2920207977294922,
    "MaxSkewnessOfNumericFeatures": 20.269575178286168,
    "MaxSkewnessOfNumericFeatures_Time": 0.3651118278503418,
    "MaxStdDevOfNumericFeatures": 30986.879814464635,
    "MaxStdDevOfNumericFeatures_Time": 0.3681678771972656,
    "MeanCanonicalCorrelation": 0.014184170660793298,
    "MeanCanonicalCorrelation_Time": 30.15698552131653,
    "MeanCardinalityOfNominalFeatures": NaN,
    "MeanCardinalityOfNominalFeatures_Time": 0.4730086326599121,
    "MeanCardinalityOfNumericFeatures": 406.28465618141917,
    "MeanCardinalityOfNumericFeatures_Time": 1.1364548206329346,
    "MeanClassProbability": 0.5,
    "MeanClassProbability_Time": 0.0010876655578613281,
    "MeanKurtosisOfNumericFeatures": 38.01985746213537,
    "MeanKurtosisOfNumericFeatures_Time": 0.36734604835510254,
    "MeanMeansOfNumericFeatures": 3412.8977094430998,
    "MeanMeansOfNumericFeatures_Time": 0.3619105815887451,
    "MeanNominalAttributeEntropy": NaN,
    "MeanNominalAttributeEntropy_Time": 0.0042307376861572266,
    "MeanNominalJointEntropy": NaN,
    "MeanNominalJointEntropy_Time": 0.004247426986694336,
    "MeanNominalMutualInformation": NaN,
    "MeanNominalMutualInformation_Time": 0.004235982894897461,
    "MeanNumericAttributeEntropy": 0.9093179640063568,
    "MeanNumericAttributeEntropy_Time": 0.7810921669006348,
    "MeanNumericJointEntropy": 1.3186981040456254,
    "MeanNumericJointEntropy_Time": 1.170670509338379,
    "MeanNumericMutualInformation": 0.041829973615081735,
    "MeanNumericMutualInformation_Time": 1.2920207977294922,
    "MeanSkewnessOfNumericFeatures": 3.831228792465603,
    "MeanSkewnessOfNumericFeatures_Time": 0.3651118278503418,
    "MeanStdDevOfNumericFeatures": 1831.5675988343207,
    "MeanStdDevOfNumericFeatures_Time": 0.3681678771972656,
    "MinCardinalityOfNominalFeatures": NaN,
    "MinCardinalityOfNominalFeatures_Time": 0.4730086326599121,
    "MinCardinalityOfNumericFeatures": 193.0,
    "MinCardinalityOfNumericFeatures_Time": 1.1364548206329346,
    "MinClassProbability": 0.16707021791767554,
    "MinClassProbability_Time": 0.0010876655578613281,
    "MinKurtosisOfNumericFeatures": 0.24082121655718636,
    "MinKurtosisOfNumericFeatures_Time": 0.36734604835510254,
    "MinMeansOfNumericFeatures": 89.56464891041162,
    "MinMeansOfNumericFeatures_Time": 0.3619105815887451,
    "MinNominalAttributeEntropy": NaN,
    "MinNominalAttributeEntropy_Time": 0.0042307376861572266,
    "MinNominalJointEntropy": NaN,
    "MinNominalJointEntropy_Time": 0.004247426986694336,
    "MinNominalMutualInformation": NaN,
    "MinNominalMutualInformation_Time": 0.004235982894897461,
    "MinNumericAttributeEntropy": 0.017002992641408393,
    "MinNumericAttributeEntropy_Time": 0.7810921669006348,
    "MinNumericJointEntropy": 0.4677698878880829,
    "MinNumericJointEntropy_Time": 1.170670509338379,
    "MinNumericMutualInformation": 0.00044321840767567316,
    "MinNumericMutualInformation_Time": 1.2920207977294922,
    "MinSkewnessOfNumericFeatures": 0.610076130443785,
    "MinSkewnessOfNumericFeatures_Time": 0.3651118278503418,
    "MinStdDevOfNumericFeatures": 427.3243408946494,
    "MinStdDevOfNumericFeatures_Time": 0.3681678771972656,
    "MinorityClassSize": 69.0,
    "MinorityClassSize_Time": 0.0010876655578613281,
    "NaiveBayesErrRate": 0.014539655738473822,
    "NaiveBayesErrRate_Time": 0.307539701461792,
    "NaiveBayesKappa": 0.9471812170428695,
    "NaiveBayesKappa_Time": 0.307539701461792,
    "NominalNoiseToSignalRatio": NaN,
    "NominalNoiseToSignalRatio_Time": NaN,
    "NumberOfClasses": 2.0,
    "NumberOfClasses_Time": 0.008875370025634766,
    "NumberOfFeatures": 10936.0,
    "NumberOfFeatures_Time": 0.008875370025634766,
    "NumberOfInstances": 413.0,
    "NumberOfInstancesWithMissingValues": 0.0,
    "NumberOfInstancesWithMissingValues_Time": 0.012657880783081055,
    "NumberOfInstances_Time": 0.008875370025634766,
    "NumberOfMissingValues": 0.0,
    "NumberOfMissingValues_Time": 0.012657880783081055,
    "NumberOfNominalFeatures": 0.0,
    "NumberOfNominalFeatures_Time": 0.008875370025634766,
    "NumberOfNumericFeatures": 10936.0,
    "NumberOfNumericFeatures_Time": 0.008875370025634766,
    "NumericNoiseToSignalRatio": 20.738430255153293,
    "NumericNoiseToSignalRatio_Time": 2.0731446743011475,
    "PredDet": Infinity,
    "PredDet_Time": 0.17205071449279785,
    "PredEigen1": 1043772275.1215278,
    "PredEigen1_Time": 0.17205071449279785,
    "PredEigen2": 760940600.7158569,
    "PredEigen2_Time": 0.17205071449279785,
    "PredEigen3": 258987224.06082094,
    "PredEigen3_Time": 0.17205071449279785,
    "PredPCA1": 0.41422187719013076,
    "PredPCA1_Time": 0.17205071449279785,
    "PredPCA2": 0.30197989692915445,
    "PredPCA2_Time": 0.17205071449279785,
    "PredPCA3": 0.10277929072818466,
    "PredPCA3_Time": 0.17205071449279785,
    "Quartile1KurtosisOfNumericFeatures": 0.392549910196081,
    "Quartile1KurtosisOfNumericFeatures_Time": 0.36734604835510254,
    "Quartile1MeansOfNumericFeatures": 104.44805326876514,
    "Quartile1MeansOfNumericFeatures_Time": 0.3619105815887451,
    "Quartile1NominalAttributeEntropy": NaN,
    "Quartile1NominalAttributeEntropy_Time": 0.0042307376861572266,
    "Quartile1NominalJointEntropy": NaN,
    "Quartile1NominalJointEntropy_Time": 0.004247426986694336,
    "Quartile1NominalMutualInformation": NaN,
    "Quartile1NominalMutualInformation_Time": 0.004235982894897461,
    "Quartile1NumericAttributeEntropy": 0.023334418230596142,
    "Quartile1NumericAttributeEntropy_Time": 0.7810921669006348,
    "Quartile1NumericJointEntropy": 0.4739357742323532,
    "Quartile1NumericJointEntropy_Time": 1.170670509338379,
    "Quartile1NumericMutualInformation": 0.0006087576525930442,
    "Quartile1NumericMutualInformation_Time": 1.2920207977294922,
    "Quartile1SkewnessOfNumericFeatures": 0.6186137564846,