{
    "CategoricalNoiseToSignalRatio": NaN,
    "CategoricalNoiseToSignalRatio_Time": NaN,
    "ClassEntropy": 0.4512101136543501,
    "ClassEntropy_Time": 0.003980159759521484,
    "DecisionStumpErrRate": 0.07992120444632045,
    "DecisionStumpErrRate_Time": 0.9407408237457275,
    "DecisionStumpKappa": 0.6710928274765781,
    "DecisionStumpKappa_Time": 0.9407408237457275,
    "Dimensionality": 26.479418886198548,
    "Dimensionality_Time": 0.0035049915313720703,
    "EquivalentNumberOfCategoricalFeatures": NaN,
    "EquivalentNumberOfCategoricalFeatures_Time": NaN,
    "EquivalentNumberOfNumericFeatures": 10.786765437778497,
    "EquivalentNumberOfNumericFeatures_Time": 2.141186475753784,
    "LinearDiscriminantAnalysisErrRate": 0.01937057361286998,
    "LinearDiscriminantAnalysisErrRate_Time": 0.8829500675201416,
    "LinearDiscriminantAnalysisKappa": 0.9304002386666969,
    "LinearDiscriminantAnalysisKappa_Time": 0.8829500675201416,
    "MajorityClassSize": 344.0,
    "MajorityClassSize_Time": 0.0015385150909423828,
    "MaxCardinalityOfCategoricalFeatures": NaN,
    "MaxCardinalityOfCategoricalFeatures_Time": 0.0012881755828857422,
    "MaxCardinalityOfNumericFeatures": 413.0,
    "MaxCardinalityOfNumericFeatures_Time": 2.506420373916626,
    "MaxCategoricalAttributeEntropy": NaN,
    "MaxCategoricalAttributeEntropy_Time": 0.005709171295166016,
    "MaxCategoricalJointEntropy": NaN,
    "MaxCategoricalJointEntropy_Time": 0.005749940872192383,
    "MaxCategoricalMutualInformation": NaN,
    "MaxCategoricalMutualInformation_Time": 0.00579833984375,
    "MaxClassProbability": 0.8329297820823245,
    "MaxClassProbability_Time": 0.0015385150909423828,
    "MaxKurtosisOfNumericFeatures": 411.55157049912384,
    "MaxKurtosisOfNumericFeatures_Time": 0.5014562606811523,
    "MaxMeansOfNumericFeatures": 74033.34721549637,
    "MaxMeansOfNumericFeatures_Time": 0.4902770519256592,
    "MaxNumericAttributeEntropy": 1.5425411178427944,
    "MaxNumericAttributeEntropy_Time": 1.3350090980529785,
    "MaxNumericJointEntropy": 1.9597418453442437,
    "MaxNumericJointEntropy_Time": 1.713608980178833,
    "MaxNumericMutualInformation": 0.267474984099211,
    "MaxNumericMutualInformation_Time": 2.137146234512329,
    "MaxSkewnessOfNumericFeatures": 20.269575178286168,
    "MaxSkewnessOfNumericFeatures_Time": 0.4987213611602783,
    "MaxStdDevOfNumericFeatures": 30986.879814464635,
    "MaxStdDevOfNumericFeatures_Time": 0.5028998851776123,
    "MeanCanonicalCorrelation": 0.0141841706607933,
    "MeanCanonicalCorrelation_Time": 45.072752714157104,
    "MeanCardinalityOfCategoricalFeatures": NaN,
    "MeanCardinalityOfCategoricalFeatures_Time": 0.0012881755828857422,
    "MeanCardinalityOfNumericFeatures": 406.28465618141917,
    "MeanCardinalityOfNumericFeatures_Time": 2.506420373916626,
    "MeanCategoricalAttributeEntropy": NaN,
    "MeanCategoricalAttributeEntropy_Time": 0.005709171295166016,
    "MeanCategoricalJointEntropy": NaN,
    "MeanCategoricalJointEntropy_Time": 0.005749940872192383,
    "MeanCategoricalMutualInformation": NaN,
    "MeanCategoricalMutualInformation_Time": 0.00579833984375,
    "MeanClassProbability": 0.5,
    "MeanClassProbability_Time": 0.0015385150909423828,
    "MeanKurtosisOfNumericFeatures": 38.01985746213537,
    "MeanKurtosisOfNumericFeatures_Time": 0.5014562606811523,
    "MeanMeansOfNumericFeatures": 3412.8977094430998,
    "MeanMeansOfNumericFeatures_Time": 0.4902770519256592,
    "MeanNumericAttributeEntropy": 0.9093179640063568,
    "MeanNumericAttributeEntropy_Time": 1.3350090980529785,
    "MeanNumericJointEntropy": 1.3186981040456254,
    "MeanNumericJointEntropy_Time": 1.713608980178833,
    "MeanNumericMutualInformation": 0.041829973615081735,
    "MeanNumericMutualInformation_Time": 2.137146234512329,
    "MeanSkewnessOfNumericFeatures": 3.831228792465603,
    "MeanSkewnessOfNumericFeatures_Time": 0.4987213611602783,
    "MeanStdDevOfNumericFeatures": 1831.5675988343207,
    "MeanStdDevOfNumericFeatures_Time": 0.5028998851776123,
    "MinCardinalityOfCategoricalFeatures": NaN,
    "MinCardinalityOfCategoricalFeatures_Time": 0.0012881755828857422,
    "MinCardinalityOfNumericFeatures": 193.0,
    "MinCardinalityOfNumericFeatures_Time": 2.506420373916626,
    "MinCategoricalAttributeEntropy": NaN,
    "MinCategoricalAttributeEntropy_Time": 0.005709171295166016,
    "MinCategoricalJointEntropy": NaN,
    "MinCategoricalJointEntropy_Time": 0.005749940872192383,
    "MinCategoricalMutualInformation": NaN,
    "MinCategoricalMutualInformation_Time": 0.00579833984375,
    "MinClassProbability": 0.16707021791767554,
    "MinClassProbability_Time": 0.0015385150909423828,
    "MinKurtosisOfNumericFeatures": 0.24082121655718636,
    "MinKurtosisOfNumericFeatures_Time": 0.5014562606811523,
    "MinMeansOfNumericFeatures": 89.56464891041162,
    "MinMeansOfNumericFeatures_Time": 0.4902770519256592,
    "MinNumericAttributeEntropy": 0.017002992641408393,
    "MinNumericAttributeEntropy_Time": 1.3350090980529785,
    "MinNumericJointEntropy": 0.4677698878880829,
    "MinNumericJointEntropy_Time": 1.713608980178833,
    "MinNumericMutualInformation": 0.00044321840767567316,
    "MinNumericMutualInformation_Time": 2.137146234512329,
    "MinSkewnessOfNumericFeatures": 0.610076130443785,
    "MinSkewnessOfNumericFeatures_Time": 0.4987213611602783,
    "MinStdDevOfNumericFeatures": 427.3243408946494,
    "MinStdDevOfNumericFeatures_Time": 0.5028998851776123,
    "MinorityClassSize": 69.0,
    "MinorityClassSize_Time": 0.0015385150909423828,
    "NaiveBayesErrRate": 0.014539655738473822,
    "NaiveBayesErrRate_Time": 0.655797004699707,
    "NaiveBayesKappa": 0.9471812170428695,
    "NaiveBayesKappa_Time": 0.655797004699707,
    "NumberOfCategoricalFeatures": 0.0,
    "NumberOfCategoricalFeatures_Time": 0.0017266273498535156,
    "NumberOfClasses": 2.0,
    "NumberOfClasses_Time": 0.0017266273498535156,
    "NumberOfFeatures": 10936.0,
    "NumberOfFeatures_Time": 0.0017266273498535156,
    "NumberOfInstances": 413.0,
    "NumberOfInstancesWithMissingValues": 0.0,
    "NumberOfInstancesWithMissingValues_Time": 0.02382946014404297,
    "NumberOfInstances_Time": 0.0017266273498535156,
    "NumberOfMissingValues": 0.0,
    "NumberOfMissingValues_Time": 0.02382946014404297,
    "NumberOfNumericFeatures": 10936.0,
    "NumberOfNumericFeatures_Time": 0.0017266273498535156,
    "NumericNoiseToSignalRatio": 20.738430255153293,
    "NumericNoiseToSignalRatio_Time": 3.472214460372925,
    "PredDet": Infinity,
    "PredDet_Time": 0.29222917556762695,
    "PredEigen1": 1043772275.1215276,
    "PredEigen1_Time": 0.29222917556762695,
    "PredEigen2": 760940600.7158552,
    "PredEigen2_Time": 0.29222917556762695,
    "PredEigen3": 258987224.06082094,
    "PredEigen3_Time": 0.29222917556762695,
    "PredPCA1": 0.41422187719013087,
    "PredPCA1_Time": 0.29222917556762695,
    "PredPCA2": 0.30197989692915395,
    "PredPCA2_Time": 0.29222917556762695,
    "PredPCA3": 0.10277929072818472,
    "PredPCA3_Time": 0.29222917556762695,
    "Quartile1CategoricalAttributeEntropy": NaN,
    "Quartile1CategoricalAttributeEntropy_Time": 0.005709171295166016,
    "Quartile1CategoricalJointEntropy": NaN,
    "Quartile1CategoricalJointEntropy_Time": 0.005749940872192383,
    "Quartile1CategoricalMutualInformation": NaN,
    "Quartile1CategoricalMutualInformation_Time": 0.00579833984375,
    "Quartile1KurtosisOfNumericFeatures": 3.6667725131508906,
    "Quartile1KurtosisOfNumericFeatures_Time": 0.5014562606811523,
    "Quartile1MeansOfNumericFeatures": 784.1190072639225,
    "Quartile1MeansOfNumericFeatures_Time": 0.4902770519256592,
    "Quartile1NumericAttributeEntropy": 0.5102841196646908,
    "Quartile1NumericAttributeEntropy_Time": 1.3350090980529785,
    "Quartile1NumericJointEntropy": 0.9038889204352762,
    "Quartile1NumericJointEntropy_Time": 1.713608980178833,
    "Quartile1NumericMutualInformation": 0.011585300334931319,