{
    "CategoricalNoiseToSignalRatio": NaN,
    "CategoricalNoiseToSignalRatio_Time": NaN,
    "ClassEntropy": 0.4512101136543501,
    "ClassEntropy_Time": 0.0016219615936279297,
    "DecisionStumpErrRate": 0.07992120444632045,
    "DecisionStumpErrRate_Time": 0.13853693008422852,
    "DecisionStumpKappa": 0.6710928274765781,
    "DecisionStumpKappa_Time": 0.13853693008422852,
    "Dimensionality": 26.479418886198548,
    "Dimensionality_Time": 0.0015010833740234375,
    "EquivalentNumberOfCategoricalFeatures": NaN,
    "EquivalentNumberOfCategoricalFeatures_Time": NaN,
    "EquivalentNumberOfNumericFeatures": 10.786765437778497,
    "EquivalentNumberOfNumericFeatures_Time": 0.8013067245483398,
    "LinearDiscriminantAnalysisErrRate": 0.01937057361286998,
    "LinearDiscriminantAnalysisErrRate_Time": 0.1449451446533203,
    "LinearDiscriminantAnalysisKappa": 0.9304002386666969,
    "LinearDiscriminantAnalysisKappa_Time": 0.1449451446533203,
    "MajorityClassSize": 344.0,
    "MajorityClassSize_Time": 0.0007128715515136719,
    "MaxCardinalityOfCategoricalFeatures": NaN,
    "MaxCardinalityOfCategoricalFeatures_Time": 0.30235838890075684,
    "MaxCardinalityOfNumericFeatures": 413.0,
    "MaxCardinalityOfNumericFeatures_Time": 0.7731313705444336,
    "MaxCategoricalAttributeEntropy": NaN,
    "MaxCategoricalAttributeEntropy_Time": 0.0021970272064208984,
    "MaxCategoricalJointEntropy": NaN,
    "MaxCategoricalJointEntropy_Time": 0.0022096633911132812,
    "MaxCategoricalMutualInformation": NaN,
    "MaxCategoricalMutualInformation_Time": 0.0022077560424804688,
    "MaxClassProbability": 0.8329297820823245,
    "MaxClassProbability_Time": 0.0007128715515136719,
    "MaxKurtosisOfNumericFeatures": 411.55157049912384,
    "MaxKurtosisOfNumericFeatures_Time": 0.23281478881835938,
    "MaxMeansOfNumericFeatures": 74033.34721549637,
    "MaxMeansOfNumericFeatures_Time": 0.22938251495361328,
    "MaxNumericAttributeEntropy": 1.5425411178427944,
    "MaxNumericAttributeEntropy_Time": 0.5296900272369385,
    "MaxNumericJointEntropy": 1.9597418453442437,
    "MaxNumericJointEntropy_Time": 0.6366870403289795,
    "MaxNumericMutualInformation": 0.267474984099211,
    "MaxNumericMutualInformation_Time": 0.7996602058410645,
    "MaxSkewnessOfNumericFeatures": 20.269575178286168,
    "MaxSkewnessOfNumericFeatures_Time": 0.23176336288452148,
    "MaxStdDevOfNumericFeatures": 30986.879814464635,
    "MaxStdDevOfNumericFeatures_Time": 0.23382806777954102,
    "MeanCanonicalCorrelation": 0.0141841706607933,
    "MeanCanonicalCorrelation_Time": 21.17667555809021,
    "MeanCardinalityOfCategoricalFeatures": NaN,
    "MeanCardinalityOfCategoricalFeatures_Time": 0.30235838890075684,
    "MeanCardinalityOfNumericFeatures": 406.28465618141917,
    "MeanCardinalityOfNumericFeatures_Time": 0.7731313705444336,
    "MeanCategoricalAttributeEntropy": NaN,
    "MeanCategoricalAttributeEntropy_Time": 0.0021970272064208984,
    "MeanCategoricalJointEntropy": NaN,
    "MeanCategoricalJointEntropy_Time": 0.0022096633911132812,
    "MeanCategoricalMutualInformation": NaN,
    "MeanCategoricalMutualInformation_Time": 0.0022077560424804688,
    "MeanClassProbability": 0.5,
    "MeanClassProbability_Time": 0.0007128715515136719,
    "MeanKurtosisOfNumericFeatures": 38.01985746213537,
    "MeanKurtosisOfNumericFeatures_Time": 0.23281478881835938,
    "MeanMeansOfNumericFeatures": 3412.8977094430998,
    "MeanMeansOfNumericFeatures_Time": 0.22938251495361328,
    "MeanNumericAttributeEntropy": 0.9093179640063568,
    "MeanNumericAttributeEntropy_Time": 0.5296900272369385,
    "MeanNumericJointEntropy": 1.3186981040456254,
    "MeanNumericJointEntropy_Time": 0.6366870403289795,
    "MeanNumericMutualInformation": 0.041829973615081735,
    "MeanNumericMutualInformation_Time": 0.7996602058410645,
    "MeanSkewnessOfNumericFeatures": 3.831228792465603,
    "MeanSkewnessOfNumericFeatures_Time": 0.23176336288452148,
    "MeanStdDevOfNumericFeatures": 1831.5675988343207,
    "MeanStdDevOfNumericFeatures_Time": 0.23382806777954102,
    "MinCardinalityOfCategoricalFeatures": NaN,
    "MinCardinalityOfCategoricalFeatures_Time": 0.30235838890075684,
    "MinCardinalityOfNumericFeatures": 193.0,
    "MinCardinalityOfNumericFeatures_Time": 0.7731313705444336,
    "MinCategoricalAttributeEntropy": NaN,
    "MinCategoricalAttributeEntropy_Time": 0.0021970272064208984,
    "MinCategoricalJointEntropy": NaN,
    "MinCategoricalJointEntropy_Time": 0.0022096633911132812,
    "MinCategoricalMutualInformation": NaN,
    "MinCategoricalMutualInformation_Time": 0.0022077560424804688,
    "MinClassProbability": 0.16707021791767554,
    "MinClassProbability_Time": 0.0007128715515136719,
    "MinKurtosisOfNumericFeatures": 0.24082121655718636,
    "MinKurtosisOfNumericFeatures_Time": 0.23281478881835938,
    "MinMeansOfNumericFeatures": 89.56464891041162,
    "MinMeansOfNumericFeatures_Time": 0.22938251495361328,
    "MinNumericAttributeEntropy": 0.017002992641408393,
    "MinNumericAttributeEntropy_Time": 0.5296900272369385,
    "MinNumericJointEntropy": 0.4677698878880829,
    "MinNumericJointEntropy_Time": 0.6366870403289795,
    "MinNumericMutualInformation": 0.00044321840767567316,
    "MinNumericMutualInformation_Time": 0.7996602058410645,
    "MinSkewnessOfNumericFeatures": 0.610076130443785,
    "MinSkewnessOfNumericFeatures_Time": 0.23176336288452148,
    "MinStdDevOfNumericFeatures": 427.3243408946494,
    "MinStdDevOfNumericFeatures_Time": 0.23382806777954102,
    "MinorityClassSize": 69.0,
    "MinorityClassSize_Time": 0.0007128715515136719,
    "NaiveBayesErrRate": 0.014539655738473822,
    "NaiveBayesErrRate_Time": 0.1325669288635254,
    "NaiveBayesKappa": 0.9471812170428695,
    "NaiveBayesKappa_Time": 0.1325669288635254,
    "NumberOfCategoricalFeatures": 0.0,
    "NumberOfCategoricalFeatures_Time": 0.0007414817810058594,
    "NumberOfClasses": 2.0,
    "NumberOfClasses_Time": 0.0007414817810058594,
    "NumberOfFeatures": 10936.0,
    "NumberOfFeatures_Time": 0.0007414817810058594,
    "NumberOfInstances": 413.0,
    "NumberOfInstancesWithMissingValues": 0.0,
    "NumberOfInstancesWithMissingValues_Time": 0.0059566497802734375,
    "NumberOfInstances_Time": 0.0007414817810058594,
    "NumberOfMissingValues": 0.0,
    "NumberOfMissingValues_Time": 0.0059566497802734375,
    "NumberOfNumericFeatures": 10936.0,
    "NumberOfNumericFeatures_Time": 0.0007414817810058594,
    "NumericNoiseToSignalRatio": 20.738430255153293,
    "NumericNoiseToSignalRatio_Time": 1.3293664455413818,
    "PredDet": Infinity,
    "PredDet_Time": 0.1339421272277832,
    "PredEigen1": 1043772275.1215267,
    "PredEigen1_Time": 0.1339421272277832,
    "PredEigen2": 760940600.7158556,
    "PredEigen2_Time": 0.1339421272277832,
    "PredEigen3": 258987224.06082112,
    "PredEigen3_Time": 0.1339421272277832,
    "PredPCA1": 0.41422187719013065,
    "PredPCA1_Time": 0.1339421272277832,
    "PredPCA2": 0.30197989692915417,
    "PredPCA2_Time": 0.1339421272277832,
    "PredPCA3": 0.1027792907281848,
    "PredPCA3_Time": 0.1339421272277832,
    "Quartile1CategoricalAttributeEntropy": NaN,
    "Quartile1CategoricalAttributeEntropy_Time": 0.0021970272064208984,
    "Quartile1CategoricalJointEntropy": NaN,
    "Quartile1CategoricalJointEntropy_Time": 0.0022096633911132812,
    "Quartile1CategoricalMutualInformation": NaN,
    "Quartile1CategoricalMutualInformation_Time": 0.0022077560424804688,
    "Quartile1KurtosisOfNumericFeatures": 0.392549910196081,
    "Quartile1KurtosisOfNumericFeatures_Time": 0.23281478881835938,
    "Quartile1MeansOfNumericFeatures": 104.44805326876514,
    "Quartile1MeansOfNumericFeatures_Time": 0.22938251495361328,
    "Quartile1NumericAttributeEntropy": 0.023334418230596142,
    "Quartile1NumericAttributeEntropy_Time": 0.5296900272369385,
    "Quartile1NumericJointEntropy": 0.4739357742323532,
    "Quartile1NumericJointEntropy_Time": 0.6366870403289795,